,Account,Network,Text,Date,Positive,Neutral,Negative,Compound
0,@CBS,CBS,Happy #InternationalKissingDay! See which stars we caught locking lips on the CBS Kiss Cam. üòò https://t.co/oMPCHZlgCl,Fri Jul 06 18:26:37 +0000 2018,0.39,0.61,0.0,0.8622
1,@CBS,CBS,"RT @SalvationCBS: Mark your calendars, #Salvies: Monday's new #SalvationCBS will air at a special time, 10/9c. https://t.co/RUh1J7cfj8",Fri Jul 06 22:22:55 +0000 2018,0.153,0.847,0.0,0.4019
2,@CBS,CBS,Take a walk down @YandR_CBS memory lane with stars @JessWaltonYR and Peter Bergman! You can watch full episodes of‚Ä¶ https://t.co/MZEUfiJJyb,Fri Jul 13 17:49:38 +0000 2018,0.0,1.0,0.0,0.0
3,@CBS,CBS,"RT @TheNeighborhood: There's a new family on the block, and they're about to turn this neighborhood upside down. @CedEntertainer and @Tichi‚Ä¶",Fri Jul 13 21:15:41 +0000 2018,0.0,0.868,0.132,-0.4404
4,@CBS,CBS,"Stand up. Speak up. Blow the whistle. 

Don't miss the premiere of the @TrueCrimeCBS series #Whistleblower tonight‚Ä¶ https://t.co/uNhx4Codc2",Fri Jul 13 21:35:01 +0000 2018,0.078,0.922,0.0,0.1139
5,@CBS,CBS,"This @cbsallaccess series is unlike any fairy tale you've ever seen before. @paulwesley, @kevwilliamson &amp;‚Ä¶ https://t.co/icsSnPxKAr",Fri Jul 20 15:08:23 +0000 2018,0.0,1.0,0.0,0.0
6,@CBS,CBS,Take a trip down memory lane with the cast and crew of @MagnumPICBS at #SDCC2018! https://t.co/jHVxm7kyaT,Fri Jul 20 21:39:09 +0000 2018,0.0,1.0,0.0,0.0
7,@CBS,CBS,"RT @startrekcbs: Discover the next adventure of Starfleet in this first look at the season 2 premiere, coming early 2019. Season 1 is now s‚Ä¶",Fri Jul 20 22:29:36 +0000 2018,0.095,0.905,0.0,0.3182
8,@CBS,CBS,George blew the whistle on a doctor targeting those who believed they had cancer. What was the outcome? Find out to‚Ä¶ https://t.co/rLlNzlK3Cy,Fri Jul 20 23:44:54 +0000 2018,0.0,0.82,0.18,-0.6597
9,@CBS,CBS,"Casting Alert! @paulwesley, @DaniaJRamirez &amp; @JamesWolk are set to star in the upcoming CBS All Access psychologica‚Ä¶ https://t.co/JnZMrzT92n",Fri Jun 15 18:48:29 +0000 2018,0.128,0.872,0.0,0.3595
10,@CBS,CBS,"Every day is #TakeYourDogToWorkDay for shows like @HawaiiFive0CBS, @MomCBS, @SEALTeamCBS, and @bigbangtheory! https://t.co/DJaOt1VQcw",Fri Jun 22 18:33:53 +0000 2018,0.189,0.811,0.0,0.4199
11,@CBS,CBS,Tonight's the night! Don't miss model @ashleygraham on the season finale of Celebrity @undercover_cbs at 8/7c. https://t.co/iBxAOcOF7a,Fri Jun 22 21:19:06 +0000 2018,0.098,0.902,0.0,0.1867
12,@CBS,CBS,"If at first you don‚Äôt succeed on @PriceIsRight‚Ä¶bid, bid again! https://t.co/OWBaOsFZ3i",Mon Jul 02 17:00:02 +0000 2018,0.259,0.741,0.0,0.5411
13,@CBS,CBS,RT @TrueCrimeCBS: Two new true-crime series are set to premiere this July on CBS! Learn more about #Whistleblower and #PinkCollarCrimes bef‚Ä¶,Mon Jul 02 17:27:06 +0000 2018,0.0,1.0,0.0,0.0
14,@CBS,CBS,Take a first look at our @Comic_Con lineup along with details of what you can expect to see:‚Ä¶ https://t.co/JqBtlKcwq3,Mon Jul 02 20:47:32 +0000 2018,0.0,1.0,0.0,0.0
15,@CBS,CBS,"How much does it cost to bury the truth? #OneDollar premieres Thursday, August 30, exclusively on CBS All Access.‚Ä¶ https://t.co/1tab8eCaFz",Mon Jul 02 21:13:11 +0000 2018,0.108,0.892,0.0,0.3182
16,@CBS,CBS,"RT @cbsallaccess: How much does it cost to bury the truth? #OneDollar premieres August 30, exclusively on CBS All Access. https://t.co/2HdY‚Ä¶",Mon Jul 09 18:09:00 +0000 2018,0.103,0.897,0.0,0.3182
17,@CBS,CBS,"RT @TKOCBS: The Ball Buster, the Frisboom, the Spike Launcher, and the Slammer‚Ä¶ Get to know all of the #TKO Battle Stations: https://t.co/2‚Ä¶",Mon Jul 09 18:53:34 +0000 2018,0.0,0.894,0.106,-0.3818
18,@CBS,CBS,Time to mark your calendars! CBS' fall 2018 premiere lineup has been announced: https://t.co/yYv3H9aEO7 https://t.co/lRxAA7suie,Mon Jul 09 23:55:07 +0000 2018,0.0,1.0,0.0,0.0
19,@CBS,CBS,The cast couldn‚Äôt be more excited to welcome @ansonmount into the @startrekcbs family! Who‚Äôs ready to see the iconi‚Ä¶ https://t.co/fOS4f4VCb2,Mon Jul 23 21:30:33 +0000 2018,0.34,0.66,0.0,0.8293
20,@CBS,CBS,RT if that musical number by the cast of Carousel blew you away! #TonyAwards https://t.co/CMzMNtcAQO,Mon Jun 11 01:08:28 +0000 2018,0.102,0.898,0.0,0.1511
21,@CBS,CBS,RT @McBenefit: I love everything about you @UzoAduba. #TonyAwards,Mon Jun 11 01:12:31 +0000 2018,0.375,0.625,0.0,0.6369
22,@CBS,CBS,So many feels at the #TonyAwards. Congratulations to @arielstachel for winning Best Featured Actor in a Musical!‚Ä¶ https://t.co/m1aRNIHPRK,Mon Jun 11 01:19:59 +0000 2018,0.457,0.543,0.0,0.9151
23,@CBS,CBS,.@Matt_Morrison welcomes the Marjory Stoneman Douglas High School theatre department to the stage. #TonyAwards https://t.co/5dxa9smeka,Mon Jun 11 01:24:12 +0000 2018,0.162,0.838,0.0,0.4019
24,@CBS,CBS,Such a touching moment at the #TonyAwards. ‚ù§Ô∏è https://t.co/4kJWTHVPZ8,Mon Jun 11 01:24:46 +0000 2018,0.0,1.0,0.0,0.0
25,@CBS,CBS,RT @KatLargent: MAGIC #TonyAwards,Mon Jun 11 01:25:59 +0000 2018,0.0,1.0,0.0,0.0
26,@CBS,CBS,RT @IzzyNY202: How impressive are these Marjory Stoneman Douglas students? That #TonyAwards performance reduced me to tears. Amazing.,Mon Jun 11 01:26:03 +0000 2018,0.296,0.625,0.079,0.7351
27,@CBS,CBS,.@SaraBareilles is totally a Gryffindor. #TonyAwards https://t.co/OPQ7esk2dn,Mon Jun 11 01:29:21 +0000 2018,0.0,1.0,0.0,0.0
28,@CBS,CBS,Glenda Jackson wins Best Leading Actress in a Play. #TonyAwards @threetallwomen https://t.co/GRp1gcBuiW,Mon Jun 11 01:30:56 +0000 2018,0.563,0.437,0.0,0.8834
29,@CBS,CBS,RT @anna_villanueva: Magnificent performance from the cast of @FrozenBroadway! #TonyAwards2018 #TonyAwards #Tonys,Mon Jun 11 01:37:36 +0000 2018,0.276,0.724,0.0,0.636
30,@CBS,CBS,If only this performance could go on forever. #TonyAwards @FrozenBroadway https://t.co/p2BMUvyTxr,Mon Jun 11 01:38:23 +0000 2018,0.0,1.0,0.0,0.0
31,@CBS,CBS,"RT @Valerie4815: What a birthday present, the Tony audience singing happy birthday to you!! #TonyAwards",Mon Jun 11 01:51:16 +0000 2018,0.248,0.752,0.0,0.6467
32,@CBS,CBS,RT @hjmayer8: I sure do love @DearEvanHansen üíô #TonyAwards,Mon Jun 11 01:53:17 +0000 2018,0.481,0.519,0.0,0.7579
33,@CBS,CBS,@writerlindsayb You're welcome! #TonyAwards,Mon Jun 11 01:58:48 +0000 2018,0.523,0.477,0.0,0.5093
34,@CBS,CBS,Hope he brought enough birthday cake for everyone! #TonyAwards https://t.co/FlLbKV6oj8,Mon Jun 11 02:03:31 +0000 2018,0.262,0.738,0.0,0.4926
35,@CBS,CBS,üé∂ ‚ÄúLet's dance this last dance tonight.‚Äù üé∂ #TonyAwards #DonnaSummerMusical https://t.co/UAIaglChfv,Mon Jun 11 02:05:47 +0000 2018,0.0,1.0,0.0,0.0
36,@CBS,CBS,Harry Potter and the Cursed Child wins Best Play at the #TonyAwards! @HPPlayNYC https://t.co/WIqJQmtAlN,Mon Jun 11 02:11:03 +0000 2018,0.491,0.509,0.0,0.8908
37,@CBS,CBS,That performance was the GOAT. #TonyAwards https://t.co/mtoU92HipQ,Mon Jun 11 02:16:06 +0000 2018,0.0,1.0,0.0,0.0
38,@CBS,CBS,"RT @leahableson: The Once On This Island Goat And Chicken made it to the broadcast, Mama WILL provide #TonyAwards",Mon Jun 11 02:21:03 +0000 2018,0.0,1.0,0.0,0.0
39,@CBS,CBS,Angels in America takes the win for Best Revival of a Play! #TonyAwards https://t.co/zodW61tw8a,Mon Jun 11 02:23:56 +0000 2018,0.517,0.483,0.0,0.8932
40,@CBS,CBS,"""I'm a living example of how theatre can change you - and it didn't just change me, it saved me."" @JohnLeguizamo at‚Ä¶ https://t.co/4ICwMhb6hv",Mon Jun 11 02:29:18 +0000 2018,0.123,0.877,0.0,0.4215
41,@CBS,CBS,What a beautiful performance by the cast of #TheBandsVisit. #TonyAwards https://t.co/4Hw96kZvrf,Mon Jun 11 02:33:09 +0000 2018,0.302,0.698,0.0,0.5994
42,@CBS,CBS,The feeling when you win a Tony. üôå¬†Congratulations to Once on This Island for winning Best Revival of a Musical!‚Ä¶ https://t.co/UpFCqgBTwh,Mon Jun 11 02:44:37 +0000 2018,0.516,0.484,0.0,0.9523
43,@CBS,CBS,Inspiration: Get to your YES! #OnceOnThisIsland #TonyAwards https://t.co/Wjp0QIWfXq,Mon Jun 11 02:44:50 +0000 2018,0.543,0.457,0.0,0.7978
44,@CBS,CBS,RT @Aatamianphoto: Springsteen is on the #TonyAwards and I love it.,Mon Jun 11 02:47:29 +0000 2018,0.318,0.682,0.0,0.6369
45,@CBS,CBS,The Boss looks right at home on the #TonyAwards stage! https://t.co/pwjv4iydkn,Mon Jun 11 02:53:00 +0000 2018,0.0,1.0,0.0,0.0
46,@CBS,CBS,Tony Shalhoub wins Best Leading Actor in a Musical. #TonyAwards   #TheBandsVisit https://t.co/KcUDSicKI5,Mon Jun 11 02:56:10 +0000 2018,0.467,0.533,0.0,0.836
47,@CBS,CBS,RT @_stobin13: watching the #TonyAwards after going to 3 broadway shows this weekend makes it even better üòçü§©,Mon Jun 11 02:56:40 +0000 2018,0.153,0.847,0.0,0.4404
48,@CBS,CBS,"RT @CBSThisMorning: Hmm... something seems off here @SaraBareilles @JoshGroban. üòÇ

@WaitressMusical @GreatCometBway #TonyAwards https://t.c‚Ä¶",Mon Jun 11 02:58:30 +0000 2018,0.175,0.737,0.088,0.4404
49,@CBS,CBS,Congratulations are in order for @TheKatrinaLenk! She just won for Best Leading Actress in a Musical. #TonyAwards https://t.co/t9bNvpiEmH,Mon Jun 11 03:02:06 +0000 2018,0.463,0.537,0.0,0.92
50,@CBS,CBS,An end to a magical evening. The Band's Visit wins for Best Musical! #TonyAwards https://t.co/ODza97n8YH,Mon Jun 11 03:10:33 +0000 2018,0.406,0.594,0.0,0.8478
51,@CBS,CBS,See the complete list of winners from the 2018 #TonyAwards: https://t.co/9XK6CGeber https://t.co/HkUIN4Quej,Mon Jun 11 06:04:41 +0000 2018,0.22,0.78,0.0,0.4767
52,@CBS,CBS,Here are all the performances from the 2018 #TonyAwards: https://t.co/gN4ItpFlRd https://t.co/fSMNBXKC9r,Mon Jun 11 06:19:36 +0000 2018,0.0,1.0,0.0,0.0
53,@CBS,CBS,How do you know @SaraBareilles and @joshgroban's music? #TonyAwards https://t.co/POMXBORfUT,Mon Jun 11 14:00:37 +0000 2018,0.0,1.0,0.0,0.0
54,@CBS,CBS,"In case you missed it, watch the entire #TonyAwards now: https://t.co/Bm0yNV3Ff3 https://t.co/3GA5otlcPa",Mon Jun 11 19:01:38 +0000 2018,0.0,0.833,0.167,-0.296
55,@CBS,CBS,"RT @TheNeighborhood: Welcome to #TheNeighborhood, @BethBehrs! The @2BrokeGirls star returns to @CBS in a new sitcom alongside @CedEntertain‚Ä¶",Mon Jun 11 22:23:06 +0000 2018,0.171,0.829,0.0,0.5093
56,@CBS,CBS,RT @CBSBigBrother: Meet the cast of #BB20... before anyone else! Start streaming all their live interviews beginning at 11am EST/8am PST on‚Ä¶,Mon Jun 18 15:00:46 +0000 2018,0.0,1.0,0.0,0.0
57,@CBS,CBS,Time to make your predictions for #BB20! üëè Get to know the @CBSBigBrother Houseguests before the big premiere next‚Ä¶ https://t.co/jlpIchJ9sk,Mon Jun 18 20:27:50 +0000 2018,0.0,1.0,0.0,0.0
58,@CBS,CBS,The world will finally know the truth. ‚òÑÔ∏è Make sure to tune in to the heart-pounding Season 2 premiere of‚Ä¶ https://t.co/mqMleW90DY,Mon Jun 25 18:20:25 +0000 2018,0.204,0.796,0.0,0.5574
59,@CBS,CBS,"RT @TrueCrimeCBS: When you find out you‚Äôve been treated with chemo, but you don‚Äôt have cancer. #Whistleblower https://t.co/DAKwu1vcNX",Sat Jul 21 00:10:00 +0000 2018,0.0,0.736,0.264,-0.7964
60,@CBS,CBS,RT @bigbangtheory: The #BigBangTheory writers teased a honeymoon episode and more @YoungSheldon characters in Season 12 while speaking at #‚Ä¶,Sat Jul 21 00:19:12 +0000 2018,0.0,0.891,0.109,-0.296
61,@CBS,CBS,RT @MagnumPICBS: Couldn't make it to San Diego for the #MagnumPI panel? Here's everything you missed at #SDCC2018: https://t.co/Z7IBqF1YJ8‚Ä¶,Sat Jul 21 00:55:28 +0000 2018,0.0,0.891,0.109,-0.296
62,@CBS,CBS,"Housewives. PTA moms. School volunteers. Starting TONIGHT, hear the stories of seemingly innocent women who put it‚Ä¶ https://t.co/5TA15OiTuh",Sat Jul 28 16:43:56 +0000 2018,0.124,0.876,0.0,0.34
63,@CBS,CBS,RT @startrekcbs: Stream the full panel &amp; learn all the exclusive details revealed about season 2 of #StarTrekDiscovery at @Comic_Con: https‚Ä¶,Sun Jul 22 01:56:13 +0000 2018,0.073,0.927,0.0,0.128
64,@CBS,CBS,"Today and every day we celebrate their love, guidance, and support. Happy #FathersDay to every kind of dad! https://t.co/Wffax1khBH",Sun Jun 17 13:00:01 +0000 2018,0.493,0.507,0.0,0.9392
65,@BBCWorld,BBC News (World),The bean at the heart of America's trade war https://t.co/nAZsK178Bt,Thu Aug 02 00:00:24 +0000 2018,0.0,0.698,0.302,-0.5994
66,@nytimes,The New York Times,"Tesla said that it was still on pace to turn a profit later this year, after a quarter in which it continued to bur‚Ä¶ https://t.co/XA1Y8nnGjm",Thu Aug 02 00:02:02 +0000 2018,0.116,0.884,0.0,0.4404
67,@CNN,CNN,"For the first time ever, Barbie is wearing a hijab. The new doll, which was announced in November 2017, is modeled‚Ä¶ https://t.co/Qf2jruv4n8",Thu Aug 02 00:02:40 +0000 2018,0.0,1.0,0.0,0.0
68,@CNN,CNN,"On a hillside in Vietnam, giant hands extend, holding a new steel bridge that has attracted scores of visitors sinc‚Ä¶ https://t.co/J5HX1RPXVu",Thu Aug 02 00:05:00 +0000 2018,0.209,0.791,0.0,0.5423
69,@CNN,CNN,Chefs Guy Fieri and Jos√© Andr√©s are doing everything they can to help feed the evacuees and first responders to Cal‚Ä¶ https://t.co/IGVEdRTKCA,Thu Aug 02 00:09:54 +0000 2018,0.114,0.886,0.0,0.4019
70,@FoxNews,Fox News,.@VP hails 'tangible progress' with North Korea as remains of presumed Korean War dead arrive in Hawaii https://t.co/c8VIpgXZBe,Thu Aug 02 00:13:23 +0000 2018,0.108,0.577,0.315,-0.7506
71,@nytimes,The New York Times,"RT @NYTStyles: ""In its current form, wellness isn‚Äôt filling in the gaps left by medicine. It‚Äôs exploiting them."" ‚Äî @DrJenGunter https://t.c‚Ä¶",Thu Aug 02 00:17:03 +0000 2018,0.122,0.756,0.122,0.0
72,@FoxNews,Fox News,New 'Terminator' image features Linda Hamilton in iconic role https://t.co/cEZQizOsJj,Thu Aug 02 00:19:56 +0000 2018,0.0,1.0,0.0,0.0
73,@FoxNews,Fox News,California Safeway calls cops on woman donating food to homeless man https://t.co/obcclpUxoq,Thu Aug 02 00:28:15 +0000 2018,0.0,1.0,0.0,0.0
74,@nytimes,The New York Times,"The best TV shows and movies new to Netflix, Amazon and more in August https://t.co/DxRIesXB0P",Thu Aug 02 00:32:02 +0000 2018,0.312,0.688,0.0,0.7096
75,@CNN,CNN,"To demonstrate Paul Manafort's elaborate spending habits, prosecutors released an image of a $15,000 coat made from‚Ä¶ https://t.co/rq8kt20ocL",Thu Aug 02 00:34:54 +0000 2018,0.0,1.0,0.0,0.0
76,@CNN,CNN,"The jacket Harrison Ford wore playing Han Solo in ""The Empire Strikes Back"" is expected to go for $1.3 million at a‚Ä¶ https://t.co/cVD5rSmLNR",Thu Aug 02 00:35:00 +0000 2018,0.071,0.83,0.099,-0.1779
77,@FoxNews,Fox News,"Florida woman arrested after leaving 6 kids ‚Äòinfested with lice‚Äô at home, police say https://t.co/5yCpSlCq9B",Thu Aug 02 00:35:33 +0000 2018,0.0,0.807,0.193,-0.4767
78,@CNN,CNN,"RT @AC360: Democratic Sen. Richard Blumenthal: The White House is moving the goalpost for a potential interview with Mueller, because ‚Äúthe‚Ä¶",Thu Aug 02 00:40:42 +0000 2018,0.0,1.0,0.0,0.0
79,@CNN,CNN,The heads of the Senate Intelligence Committee said they're in discussions about providing a transcript of Maria Bu‚Ä¶ https://t.co/obyEoaWQPZ,Thu Aug 02 00:41:07 +0000 2018,0.154,0.846,0.0,0.4767
80,@CNN,CNN,"RT @OutFrontCNN: ""Donald Trump is supposed to be defending our country, instead he's busy defending Vladimir Putin and attacking our own in‚Ä¶",Thu Aug 02 00:41:52 +0000 2018,0.0,0.875,0.125,-0.4588
81,@FoxNews,Fox News,RT @FoxBusiness: .@cvpayne provides an after hours stock update as markets were mixed on Fed and trade concerns. https://t.co/wswT3qqtW3 ht‚Ä¶,Thu Aug 02 00:46:58 +0000 2018,0.0,1.0,0.0,0.0
82,@nytimes,The New York Times,From @nytimestravel: A guide to 10 cities where you can have an upscale trip without paying top dollar https://t.co/2HFxU7e85E,Thu Aug 02 00:47:05 +0000 2018,0.0,0.914,0.086,-0.1511
83,@FoxNews,Fox News,'That's the Point of Government': WA 'Democratic Socialist' US House Candidate Defends Platform https://t.co/IsoA9guuPP,Thu Aug 02 00:50:01 +0000 2018,0.0,1.0,0.0,0.0
84,@CNN,CNN,"Hundreds of demonstrators gathered in Copenhagen, Denmark, wearing burqas and other face veils to protest a law aga‚Ä¶ https://t.co/XmE3eW2f48",Thu Aug 02 00:51:06 +0000 2018,0.0,0.895,0.105,-0.25
85,@CNN,CNN,Huawei overtakes Apple to become the world‚Äôs second largest smartphone seller despite not having a presence in the‚Ä¶ https://t.co/zqr3Mu0qgT,Thu Aug 02 01:01:00 +0000 2018,0.0,1.0,0.0,0.0
86,@CNN,CNN,Donald Trump is averaging 7.6 mistruths a day | Analysis by @CillizzaCNN https://t.co/beM2XrzSd3,Thu Aug 02 01:01:05 +0000 2018,0.0,1.0,0.0,0.0
87,@CNN,CNN,Vice President Mike Pence greeted 55 flag-draped cases of what are believed to be the remains of American service m‚Ä¶ https://t.co/zg2CaLlC2f,Thu Aug 02 01:01:55 +0000 2018,0.095,0.905,0.0,0.2732
88,@nytimes,The New York Times,Evening Briefing: Here's what you need to know at the end of the day https://t.co/pGnyegNxFm,Thu Aug 02 01:02:02 +0000 2018,0.0,1.0,0.0,0.0
89,@CNN,CNN,RT @CNNPolitics: Vice President Mike Pence receives the possible remains of Americans killed in the Korean War https://t.co/uNyVkFv8V3 http‚Ä¶,Thu Aug 02 01:02:09 +0000 2018,0.0,0.669,0.331,-0.8555
90,@FoxNews,Fox News,"""Today, we prove these heroes were never forgotten.""

@VP Pence‚Äã spoke at a ceremony Wednesday as remains, believed‚Ä¶ https://t.co/jRe3zuNykV",Thu Aug 02 01:06:27 +0000 2018,0.163,0.837,0.0,0.5106
91,@FoxNews,Fox News,".@dbongino on Manafort trial: ""Paul Manafort is guilty of something, he's guilty of helping @realDonaldTrump win an‚Ä¶ https://t.co/LApgHTWcOa",Thu Aug 02 01:07:59 +0000 2018,0.234,0.547,0.219,0.1027
92,@nytimes,The New York Times,"RT @jdelreal: I joined the Redding Fire Dept as they visited the place their colleague, Jeremy Stoke, was killed by the Carr Fire. As they‚Ä¶",Thu Aug 02 01:17:03 +0000 2018,0.0,0.693,0.307,-0.8519
93,@FoxNews,Fox News,"Mollie Tibbetts' disappearance a 'total shock,' Iowa residents say. https://t.co/IucuUZQSoo",Thu Aug 02 01:28:52 +0000 2018,0.0,1.0,0.0,0.0
94,@nytimes,The New York Times,An Illinois state representative resigned hours after a report that his ex-girlfriend accused him of using nude pho‚Ä¶ https://t.co/zC0GefPZuj,Thu Aug 02 01:32:04 +0000 2018,0.0,0.792,0.208,-0.4939
95,@CNN,CNN,Take a look at some of Paul Manafort's jackets https://t.co/zV53gJUMmh https://t.co/FwVE7WVJqA,Thu Aug 02 01:33:35 +0000 2018,0.0,1.0,0.0,0.0
96,@FoxNews,Fox News,"Migrants falsely claim they're father and daughter, present fake birth certificate, U.S. Customs officials say. https://t.co/A1yEmt1ZtA",Thu Aug 02 01:39:04 +0000 2018,0.0,0.829,0.171,-0.4767
97,@CNN,CNN,"Tesla CEO Elon Musk stunned analysts a few months ago by refusing to answer their ""boring"" questions on a Tesla ear‚Ä¶ https://t.co/7y15BcbIQr",Thu Aug 02 01:40:29 +0000 2018,0.0,0.814,0.186,-0.4767
98,@nytimes,The New York Times,RT @kevinroose: Update: I definitely broke the alerts https://t.co/fyZpx6cUXP,Thu Aug 02 01:46:46 +0000 2018,0.235,0.522,0.243,-0.0258
99,@nytimes,The New York Times,A Pennsylvania bishop has ordered the names of all of his predecessors since the 1940s to be stripped from church b‚Ä¶ https://t.co/tE99DpioKv,Thu Aug 02 01:47:02 +0000 2018,0.0,1.0,0.0,0.0
100,@CNN,CNN,Special counsel Robert Mueller has offered to reduce the number of obstruction-related questions President Donald T‚Ä¶ https://t.co/De13n3IicN,Thu Aug 02 01:47:42 +0000 2018,0.211,0.789,0.0,0.4588
101,@CNN,CNN,Here are the key takeaways from day two of the Paul Manafort trial https://t.co/4NSrYbKhwa https://t.co/BkudHicjZd,Thu Aug 02 01:51:05 +0000 2018,0.0,1.0,0.0,0.0
102,@FoxNews,Fox News,".@VP spoke at a ceremony at @JointBasePHH Wednesday as remains, believed to be those of American service members lo‚Ä¶ https://t.co/MFXLbol1qq",Thu Aug 02 01:54:26 +0000 2018,0.0,1.0,0.0,0.0
103,@CNN,CNN,Ohio State places head football coach Urban Meyer on paid administrative leave as it investigates what he knew abou‚Ä¶ https://t.co/MA0LAZsziK,Thu Aug 02 01:56:17 +0000 2018,0.0,0.941,0.059,-0.0516
104,@CNN,CNN,"38 memorable lines from Trump's speech in Tampa, Florida | Analysis by @CillizzaCNN https://t.co/fAeDHl3d2n https://t.co/JD1ApcruiH",Thu Aug 02 02:01:08 +0000 2018,0.0,1.0,0.0,0.0
105,@nytimes,The New York Times,Humans almost saved the planet from climate change 30 years ago. This is the story of how we failed: a tragedy in 2‚Ä¶ https://t.co/sfbNxwgdeI,Thu Aug 02 02:02:03 +0000 2018,0.083,0.662,0.255,-0.7346
106,@BBCWorld,BBC News (World),Zimbabwe election: International calls for restraint https://t.co/G2h1UVCzeW,Thu Aug 02 02:03:55 +0000 2018,0.0,1.0,0.0,0.0
107,@FoxNews,Fox News,Glen Powell to join 'Top Gun' sequel: report https://t.co/yHQCIHsjKZ,Thu Aug 02 02:07:34 +0000 2018,0.323,0.484,0.194,0.1531
108,@FoxNews,Fox News,.@VP Pence and Mrs. Pence participate in an engagement with troops at @JointBasePHH. https://t.co/nG5URYFant https://t.co/29K1WCo6gi,Thu Aug 02 02:11:44 +0000 2018,0.176,0.824,0.0,0.4588
109,@CNN,CNN,Why Trump and the GOP are both guilty of ongoing collusion | By Frida Ghitis via @CNNOpinion https://t.co/KxaliS3dcE https://t.co/c4jFAfZh2j,Thu Aug 02 02:16:02 +0000 2018,0.0,0.859,0.141,-0.4215
110,@nytimes,The New York Times,RT @sewellchan: We interviewed survivors of yesterday's miraculous Aerom√©xico crash in Mexico‚Äîin which all 103 people on board lived. A bit‚Ä¶,Thu Aug 02 02:17:03 +0000 2018,0.0,0.876,0.124,-0.4019
111,@CNN,CNN,"RT @AC360: Anderson Cooper: Keeping them honest, the White House's claim the Mueller probe arose out of ""a dirty discredited dossier"" is ju‚Ä¶",Thu Aug 02 02:20:34 +0000 2018,0.113,0.687,0.199,-0.3612
112,@CNN,CNN,"RT @CuomoPrimeTime: ""There was callous disregard for these children."" Democratic @SenatorDurbin calls on DHS Sec. Nielsen to resign saying‚Ä¶",Thu Aug 02 02:21:24 +0000 2018,0.0,0.791,0.209,-0.5423
113,@FoxNews,Fox News,'Angel' cloud appears over Texas skyline https://t.co/ArFA0SRgVO,Thu Aug 02 02:22:59 +0000 2018,0.0,1.0,0.0,0.0
114,@CNN,CNN,@CillizzaCNN Donald Trump is averaging 7.6 mistruths a day | Analysis by @CillizzaCNN https://t.co/6dpJxXvYe2,Thu Aug 02 02:28:28 +0000 2018,0.0,1.0,0.0,0.0
115,@FoxNews,Fox News,.@TuckerCarlson on Paul Manafort Trial: Lead Prosecutor Weissmann 'Avenging Hillary's Defeat' https://t.co/42Y3mfiY7G,Thu Aug 02 02:30:00 +0000 2018,0.0,0.786,0.214,-0.4588
116,@CNN,CNN,Donald Trump is averaging 7.6 mistruths a day | Analysis by @CillizzaCNN https://t.co/n41yNDxLRj https://t.co/YmXei0hWPs,Thu Aug 02 02:30:18 +0000 2018,0.0,1.0,0.0,0.0
117,@CNN,CNN,US planning to reduce troops in Africa despite growing terrorist threat https://t.co/XgWxn1HtI5 https://t.co/TD5Y3ISjIj,Thu Aug 02 02:31:07 +0000 2018,0.361,0.555,0.084,0.7181
118,@nytimes,The New York Times,"New efforts on Facebook to influence this year's elections revealed signs of a maturing adversary, adapting and evo‚Ä¶ https://t.co/hZi8nyZEAH",Thu Aug 02 02:32:08 +0000 2018,0.0,0.904,0.096,-0.2023
119,@CNN,CNN,"RT @CuomoPrimeTime: Former Trump aide @MichaelRCaputo on Mueller probe: ‚ÄúI‚Äôm with the President now. This thing needs to be shut down."" htt‚Ä¶",Thu Aug 02 02:33:17 +0000 2018,0.0,1.0,0.0,0.0
120,@FoxNews,Fox News,Homeless man starts McDonald's job with Florida officer's help https://t.co/UotBQZijCB,Thu Aug 02 02:34:59 +0000 2018,0.231,0.769,0.0,0.4019
121,@FoxNews,Fox News,New Vietnam bridge held up by massive pair of hands https://t.co/wLImjB8gYn,Thu Aug 02 02:41:00 +0000 2018,0.0,1.0,0.0,0.0
122,@CNN,CNN,"A child's brain repaired itself after a full third of the right hemisphere was surgically removed, rewiring itself‚Ä¶ https://t.co/MM5OvzTmke",Thu Aug 02 02:44:39 +0000 2018,0.0,1.0,0.0,0.0
123,@CNN,CNN,"RT @CNNTonight: ""What it says to me, Don, is that he is guilty as sin ... if he really felt confident ... why would he be freaking out on T‚Ä¶",Thu Aug 02 02:46:02 +0000 2018,0.09,0.672,0.238,-0.6929
124,@CNN,CNN,"Supreme Court Justice Ruth Bader Ginsburg described the 2017-18 term as ""much more divisive than usual""‚Ä¶ https://t.co/nlhSxfhJLy",Thu Aug 02 02:46:09 +0000 2018,0.318,0.682,0.0,0.7906
125,@FoxNews,Fox News,Madonna suggests Donald Trump motivated her move to Portugal https://t.co/JpGwqcPhPH,Thu Aug 02 02:47:00 +0000 2018,0.25,0.75,0.0,0.4588
126,@nytimes,The New York Times,Prosecution cites lavish spending by Paul Manafort in his fraud trial https://t.co/AAt0HrXE9L,Thu Aug 02 02:47:01 +0000 2018,0.0,0.588,0.412,-0.7906
127,@nytimes,The New York Times,"RT @maggieNYT: For roughly a week, Trump has raged about Cohen, Manafort, Mueller. And he is angry the SC probe, which Giuliani assured him‚Ä¶",Thu Aug 02 02:51:02 +0000 2018,0.087,0.694,0.219,-0.5859
128,@CNN,CNN,Chefs Guy Fieri and Jos√© Andr√©s are doing everything they can to help feed the evacuees and first responders to Cal‚Ä¶ https://t.co/9E09tiBhog,Thu Aug 02 02:51:05 +0000 2018,0.114,0.886,0.0,0.4019
129,@CNN,CNN,RT @CuomoPrimeTime: Conservative commentator @CortesSteve calls President Trump's threat of a government shutdown over border wall funding‚Ä¶,Thu Aug 02 02:56:49 +0000 2018,0.0,0.815,0.185,-0.5267
130,@CNN,CNN,Their meningitis symptoms had an unusual cause: A rat lungworm infection from eating raw centipedes https://t.co/HGGPcs7eIk,Thu Aug 02 02:58:06 +0000 2018,0.0,1.0,0.0,0.0
131,@CNN,CNN,CBS staffers wonder about Jeff Fager's fate at '60 Minutes' following New Yorker expose https://t.co/A6wA3cMlzb https://t.co/CWMftXxufh,Thu Aug 02 03:01:07 +0000 2018,0.0,0.904,0.096,-0.1531
132,@nytimes,The New York Times,"He helped build the careers of classical stars, including the violinist Joshua Bell and the pianist Evgeny Kissin,‚Ä¶ https://t.co/V1bwGYTZXz",Thu Aug 02 03:02:07 +0000 2018,0.0,1.0,0.0,0.0
133,@FoxNews,Fox News,Homeless man starts McDonald's job with Florida officer's help https://t.co/FxaEwanUzb,Thu Aug 02 03:02:15 +0000 2018,0.231,0.769,0.0,0.4019
134,@BBCWorld,BBC News (World),RT @SallyBundockBBC: What do you use your smartphone for most? Do you suffer from smartphone separation anxiety? Get in touch #BBCTheBriefi‚Ä¶,Thu Aug 02 03:04:29 +0000 2018,0.0,0.765,0.235,-0.7026
135,@CNN,CNN,A man cheated with someone else's wife and now it'll cost him $8.8 million https://t.co/S8t6sOR03c,Thu Aug 02 03:06:09 +0000 2018,0.0,0.798,0.202,-0.5106
136,@FoxNews,Fox News,Alaskan borough dusts off typewriters after ransomware attack https://t.co/D3rjQ0w4hD,Thu Aug 02 03:07:25 +0000 2018,0.0,0.721,0.279,-0.4767
137,@CNN,CNN,A white police officer in Michigan who says he was taunted by fellow officers when he told them that he was part bl‚Ä¶ https://t.co/hPZEPoMqZQ,Thu Aug 02 03:13:07 +0000 2018,0.0,1.0,0.0,0.0
138,@FoxNews,Fox News,".@jasoninthehouse on Manafort's trial: ""From Men's Warehouse to somebody's closet, this has nothing to do with Russ‚Ä¶ https://t.co/hL9lex8Xcj",Thu Aug 02 03:13:47 +0000 2018,0.0,1.0,0.0,0.0
139,@CNN,CNN,‚ÄúWe have got to call a spade a spade: This is a 25% sales tax on the US consumer.‚Äù Economist Paul Donovan says the‚Ä¶ https://t.co/BCMdnjOl2z,Thu Aug 02 03:15:24 +0000 2018,0.0,1.0,0.0,0.0
140,@CNN,CNN,Donald Trump has no earthly clue about how real people buy groceries | By Jen Psaki via @CNNOpinion‚Ä¶ https://t.co/T9K1hdkLCq,Thu Aug 02 03:16:06 +0000 2018,0.0,0.885,0.115,-0.296
141,@nytimes,The New York Times,RT @RichSandomir: Fascinating story by @DavidWaldstein on newly-uncovered depositions related to Thurman Munson's fatal crash in 1979. Rive‚Ä¶,Thu Aug 02 03:17:03 +0000 2018,0.142,0.607,0.251,-0.4019
142,@CNN,CNN,President Donald Trump's remarks during a Florida rally have some people asking if he's ever gone grocery shopping.‚Ä¶ https://t.co/5rtU0ScoJN,Thu Aug 02 03:17:27 +0000 2018,0.0,1.0,0.0,0.0
143,@CNN,CNN,"With $1,000 in cash and a handwritten apology, a former waitress is trying to make things right after stealing mone‚Ä¶ https://t.co/oUk6mcW8Ib",Thu Aug 02 03:20:07 +0000 2018,0.055,0.776,0.169,-0.5423
144,@FoxNews,Fox News,Wife of Miranda Lambert's boyfriend hints he won't stop calling her https://t.co/1izQIX8im8,Thu Aug 02 03:23:41 +0000 2018,0.146,0.854,0.0,0.2235
145,@CNN,CNN,"He lost his home in the California wildfires. But in the ashes, there was a priceless family heirloom.‚Ä¶ https://t.co/IVQV3faYyK",Thu Aug 02 03:27:02 +0000 2018,0.0,0.912,0.088,-0.1655
146,@FoxNews,Fox News,".@LarryOConnor on government shutdown threat: ""This president is trying to keep his promise and he can't get any co‚Ä¶ https://t.co/3544opxNWh",Thu Aug 02 03:28:25 +0000 2018,0.097,0.759,0.143,-0.2732
147,@CNN,CNN,Donald Trump has no earthly clue about how real people buy groceries | By Jen Psaki via @CNNOpinion‚Ä¶ https://t.co/5qmW27PdqG,Thu Aug 02 03:31:07 +0000 2018,0.0,0.885,0.115,-0.296
148,@nytimes,The New York Times,Barack Obama just endorsed 81 Democrats running in the 2018 elections. Many were longtime Obama loyalists. Most of‚Ä¶ https://t.co/2aufMj6lPR,Thu Aug 02 03:32:07 +0000 2018,0.194,0.806,0.0,0.4767
149,@CNN,CNN,Facebook and Instagram now reveal how much time you spend in each app https://t.co/NXH40OFHrq https://t.co/Y7YfPT49Sb,Thu Aug 02 03:34:05 +0000 2018,0.0,1.0,0.0,0.0
150,@FoxNews,Fox News,".@LarryOConnor: ""President Obama was the best thing that ever happened to the Republicans in the last eight years a‚Ä¶ https://t.co/ijTU5Liltz",Thu Aug 02 03:35:02 +0000 2018,0.181,0.819,0.0,0.6369
151,@CNN,CNN,What Trump is doing to America is not normal | By Trump biographer Michael D'Antonio https://t.co/ovPqFN9neD https://t.co/QSgPmom5zf,Thu Aug 02 03:38:04 +0000 2018,0.0,1.0,0.0,0.0
152,@FoxNews,Fox News,Massive great white shark filmed just feet away from oblivious paddle boarder https://t.co/TaWPdJfmJb,Thu Aug 02 03:43:00 +0000 2018,0.255,0.745,0.0,0.6249
153,@CNN,CNN,"The Trump administration is making it easier to obtain coverage through short-term health insurance plans, which do‚Ä¶ https://t.co/biciGZJP1Q",Thu Aug 02 03:43:09 +0000 2018,0.141,0.859,0.0,0.4215
154,@BBCWorld,BBC News (World),Illinois lawmaker Nick Sauer quits after 'catfishing' claim https://t.co/IU3RnskdAr,Thu Aug 02 03:43:51 +0000 2018,0.0,1.0,0.0,0.0
155,@CNN,CNN,Express Scripts stock plunges on report that Carl Icahn wants to block Cigna merger https://t.co/XI40VUWtAR https://t.co/lb5clKVMoM,Thu Aug 02 03:46:05 +0000 2018,0.0,0.838,0.162,-0.4404
156,@nytimes,The New York Times,There were no signs of foul play when a pregnant bottlenose dolphin washed up in Mississippi. Then they found the b‚Ä¶ https://t.co/7HyyWyj0PY,Thu Aug 02 03:47:05 +0000 2018,0.102,0.805,0.093,0.0516
157,@CNN,CNN,This app works like Tinder -- for female friendships https://t.co/1vaxnvfoiA https://t.co/YqsnZVwTKV,Thu Aug 02 03:50:05 +0000 2018,0.362,0.638,0.0,0.6249
158,@CNN,CNN,"RT @CNNTonight: ""I have to tell you I think it extraordinarily unlikely the President will ever sit down for an interview with Bob Mueller'‚Ä¶",Thu Aug 02 03:50:20 +0000 2018,0.0,1.0,0.0,0.0
159,@FoxNews,Fox News,"""Soon, we will know their names and we will tell their stories of courage.""

@VP Pence hails 'tangible progress' wi‚Ä¶ https://t.co/L7oUiXtBBG",Thu Aug 02 03:52:19 +0000 2018,0.123,0.877,0.0,0.4215
160,@CNN,CNN,"""Today, our boys are coming home.""

US Vice President Mike Pence greeted 55 flag-draped cases of what are believed‚Ä¶ https://t.co/SCkrlmnY6l",Thu Aug 02 03:57:37 +0000 2018,0.1,0.9,0.0,0.2732
161,@FoxNews,Fox News,"INCREDIBLE: This pizza delivery guy stunned a family when he asked to play their piano. Little did they know, 18-ye‚Ä¶ https://t.co/uBZN2lDbxe",Thu Aug 02 04:01:00 +0000 2018,0.11,0.826,0.064,0.25
162,@CNN,CNN,"Think it's hot where you are? Think again.

It's probably nowhere near the new tentative world's record for hottest‚Ä¶ https://t.co/593bWGU0gd",Thu Aug 02 04:01:05 +0000 2018,0.0,1.0,0.0,0.0
163,@nytimes,The New York Times,Autoplay videos are not going away. Here‚Äôs how to fight them. https://t.co/LV6mLdwVbN,Thu Aug 02 04:02:02 +0000 2018,0.0,0.809,0.191,-0.3818
164,@CNN,CNN,What Trump is doing to America is not normal | By Trump biographer Michael D'Antonio via @CNNOpinion‚Ä¶ https://t.co/axyzcpAqWd,Thu Aug 02 04:02:03 +0000 2018,0.0,1.0,0.0,0.0
165,@CNN,CNN,A multi-state salmonella outbreak linked to pasta salad sold by Midwestern grocery store chain Hy-Vee has sickened‚Ä¶ https://t.co/H5mHSHBEik,Thu Aug 02 04:04:06 +0000 2018,0.0,1.0,0.0,0.0
166,@nytimes,The New York Times,Lawyers in Sandy Hook Lawsuit Spar Over Meaning of an Online Broadcast https://t.co/adZ06Ovr08,Thu Aug 02 04:06:12 +0000 2018,0.0,0.863,0.137,-0.2263
167,@FoxNews,Fox News,"Phil, the homeless man who got a job at McDonald's with a Florida police officer's help, is ""doing great"" since he‚Ä¶ https://t.co/MDxaUyWD54",Thu Aug 02 04:08:00 +0000 2018,0.274,0.726,0.0,0.7783
168,@CNN,CNN,Organizers of the 2018 African Senior Athletics Championships being held in Nigeria have come under fire over poor‚Ä¶ https://t.co/J7QLqdolyZ,Thu Aug 02 04:11:07 +0000 2018,0.142,0.752,0.106,0.2023
169,@BBCWorld,BBC News (World),Australia senator sues opponent over 'sexist slurs' https://t.co/SlEFeWCcZs,Thu Aug 02 04:13:03 +0000 2018,0.0,1.0,0.0,0.0
170,@FoxNews,Fox News,"Mollie Tibbetts' boyfriend, brothers, father urge witnesses to 'come forward' in exclusive interviews‚Ä¶ https://t.co/HQ4tHeDoNu",Thu Aug 02 04:15:00 +0000 2018,0.103,0.897,0.0,0.128
171,@CNN,CNN,"Before Azerbaijan was famous for oil, it was a land of silk and spices. Take a look around: https://t.co/H8w5HGbDfR https://t.co/8C72E6746N",Thu Aug 02 04:16:00 +0000 2018,0.0,1.0,0.0,0.0
172,@FoxNews,Fox News,Possible gunman at California hospital; police on scene https://t.co/irJGvteI1C,Thu Aug 02 04:17:35 +0000 2018,0.0,1.0,0.0,0.0
173,@CNN,CNN,Three alleged members of an international hacking group have been arrested for cybercrimes targeting over 100 retai‚Ä¶ https://t.co/InAMtcAadg,Thu Aug 02 04:18:09 +0000 2018,0.0,0.846,0.154,-0.4767
174,@nytimes,The New York Times,RT @carlzimmer: I asked scientists about Trump‚Äôs pick for White House science advisor. Consensus:  üëçüèª https://t.co/inhGJpQTWp,Thu Aug 02 04:22:00 +0000 2018,0.0,1.0,0.0,0.0
175,@FoxNews,Fox News,Painting of Trump team 'Crossing the Swamp' touches off social media frenzy https://t.co/mNdVGXOCYE,Thu Aug 02 04:23:00 +0000 2018,0.0,0.839,0.161,-0.3182
176,@CNN,CNN,CNN Exclusive: The TSA is considering eliminating passenger screening at smaller airports https://t.co/LWJ3uicd9N https://t.co/AsCq8d3MN3,Thu Aug 02 04:25:08 +0000 2018,0.103,0.897,0.0,0.128
177,@FoxNews,Fox News,".@JesseBWatters: ""Right now, Maxine Waters is the face of the Democratic Party, and that's frightening."" #TheFive https://t.co/ytO8sA51tu",Thu Aug 02 04:30:00 +0000 2018,0.144,0.856,0.0,0.4019
178,@CNN,CNN,"A top consultant and spokesman for Corey Stewart, the Republican nominee for US Senate in Virginia, has used the te‚Ä¶ https://t.co/RqJRHQgoX8",Thu Aug 02 04:32:01 +0000 2018,0.087,0.913,0.0,0.2023
179,@FoxNews,Fox News,U.S. soldiers salute during a repatriation ceremony for the remains of U.S. soldiers who were killed in the Korean‚Ä¶ https://t.co/aDtYMui6UH,Thu Aug 02 04:38:00 +0000 2018,0.0,0.8,0.2,-0.6705
180,@CNN,CNN,"Her face has appeared in McDonald's ads in China, India and South Korea, on a French dating website and in a promot‚Ä¶ https://t.co/ByXIeJDkwN",Thu Aug 02 04:39:02 +0000 2018,0.0,1.0,0.0,0.0
181,@nytimes,The New York Times,RT @EnnisNYT: ‚ÄúThe baby wearing a ‚ÄòCNN Sucks!‚Äô pin pretty much summed it up.‚Äù @grynbaum on anti-press sentiment increasing as mid-term seas‚Ä¶,Thu Aug 02 04:41:04 +0000 2018,0.149,0.851,0.0,0.5411
182,@FoxNews,Fox News,".@dbongino on Manafort trial: ""Paul Manafort is guilty of something, he's guilty of helping @realDonaldTrump win an‚Ä¶ https://t.co/BD763aIKo2",Thu Aug 02 04:45:00 +0000 2018,0.234,0.547,0.219,0.1027
183,@CNN,CNN,"Back in the early 1900s, pink was generally considered to be a masculine shade. Here's a quick history of one of ou‚Ä¶ https://t.co/NQl1Da4X4d",Thu Aug 02 04:46:00 +0000 2018,0.0,1.0,0.0,0.0
184,@CNN,CNN,Tesla just reported that it lost more than $717 million in the second quarter -- the biggest quarterly loss in its‚Ä¶ https://t.co/dPqRFVXio2,Thu Aug 02 04:46:06 +0000 2018,0.0,0.813,0.187,-0.5574
185,@FoxNews,Fox News,"""How awesome is that!"" A man in Texas captured this photo of a cloud that bears a striking resemblance to an angel‚Ä¶ https://t.co/AgMwcO9ruO",Thu Aug 02 04:53:00 +0000 2018,0.188,0.812,0.0,0.6588
186,@CNN,CNN,"At 93, Malaysian Prime Minister Mahathir Mohamad is the oldest leader in the world. Here's his advice on staying ph‚Ä¶ https://t.co/zhQ3AticCk",Thu Aug 02 04:59:44 +0000 2018,0.0,1.0,0.0,0.0
187,@FoxNews,Fox News,Pittsburgh dad worked three jobs to surprise teen daughter with 'dream' dress https://t.co/GJNUiKkFAc https://t.co/syV73IGMrH,Thu Aug 02 05:00:00 +0000 2018,0.139,0.861,0.0,0.2732
188,@CNN,CNN,Papa John's hires Ari Emanuel's ad agency to get past the N-word controversy https://t.co/J2w2XMLVCz https://t.co/Wsm2jRQuVa,Thu Aug 02 05:01:02 +0000 2018,0.0,1.0,0.0,0.0
189,@nytimes,The New York Times,"Facebook's head of security, Alex Stamos, plans to start a new role at Stanford University in September https://t.co/OlJU0ZPOi7",Thu Aug 02 05:02:02 +0000 2018,0.13,0.87,0.0,0.34
190,@CNN,CNN,A man whose mother died during surgery 20 years ago is the suspect in the fatal shooting of a prominent Houston car‚Ä¶ https://t.co/tL6hj8D2PL,Thu Aug 02 05:03:04 +0000 2018,0.08,0.594,0.325,-0.7906
191,@FoxNews,Fox News,"Flames consume a home as the River Fire tears through Lakeport, California. https://t.co/2huUXWGS7r",Thu Aug 02 05:07:00 +0000 2018,0.0,0.699,0.301,-0.5106
192,@CNN,CNN,Justice Ginsburg: The 'liberal lion' we need right now | By Brenda Feigen via @CNNOpinion https://t.co/8pmZ2UYXY2 https://t.co/tGjfaRjQqH,Thu Aug 02 05:10:04 +0000 2018,0.185,0.815,0.0,0.5267
193,@FoxNews,Fox News,".@VP Pence: ""Some have called the Korean War 'The Forgotten War,' but today we prove these heroes were never forgot‚Ä¶ https://t.co/uZzPH70NLF",Thu Aug 02 05:15:00 +0000 2018,0.169,0.683,0.148,0.3716
194,@CNN,CNN,"When he noticed a teen with autism was interested in what he was doing, this grocery store worker let him help stoc‚Ä¶ https://t.co/Aezg4v1z71",Thu Aug 02 05:16:00 +0000 2018,0.213,0.787,0.0,0.6597
195,@CNN,CNN,Two women were found unresponsive in a car along with the likely culprit -- four coolers of dry ice -- Friday morni‚Ä¶ https://t.co/akRtFQOSxj,Thu Aug 02 05:17:06 +0000 2018,0.0,1.0,0.0,0.0
196,@FoxNews,Fox News,Feinstein was 'mortified' by @FBI allegation that staffer was spy for China: report https://t.co/1afQGqIwqV,Thu Aug 02 05:23:00 +0000 2018,0.0,1.0,0.0,0.0
197,@CNN,CNN,New cluster of Ebola virus cases detected in the Democratic Republic of Congo a week after the government declared‚Ä¶ https://t.co/AyuizNxHwE,Thu Aug 02 05:24:04 +0000 2018,0.0,1.0,0.0,0.0
198,@FoxNews,Fox News,".@PressSec: ‚ÄúAt the president‚Äôs direction, the Department of Treasury is sanctioning Turkey‚Äôs Minister of Justice a‚Ä¶ https://t.co/EFjnsV2WpF",Thu Aug 02 05:30:00 +0000 2018,0.257,0.743,0.0,0.6369
199,@CNN,CNN,"House Speaker Paul Ryan finds out that he's part Jewish on PBS' show ""Finding Your Roots"" https://t.co/rYKLyfabQy https://t.co/GX1PJtTr9J",Thu Aug 02 05:32:03 +0000 2018,0.0,1.0,0.0,0.0
200,@nytimes,The New York Times,"RT @nytopinion: In Australia, it took one mass shooting in Port Arthur in 1996, where 35 people were killed, for the country to actually do‚Ä¶",Thu Aug 02 05:32:03 +0000 2018,0.0,0.842,0.158,-0.6705
201,@FoxNews,Fox News,"On @AmericaNewsroom‚Äã, @SteveHiltonx pushed back on those accusing President Donald J. Trump‚Äã of starting a trade wa‚Ä¶ https://t.co/DWXbzu5yT8",Thu Aug 02 05:38:00 +0000 2018,0.0,0.904,0.096,-0.1779
202,@CNN,CNN,"A Nazi flag was spotted flying in a public park in Laramie, Wyoming https://t.co/vwKzfg3ZJX https://t.co/6TXWtJ4mDm",Thu Aug 02 05:39:06 +0000 2018,0.0,1.0,0.0,0.0
203,@FoxNews,Fox News,"‚ÄúTalk about a stand up young man!!!!‚Äù

A grocery store worker in Louisiana is receiving widespread praise for the k‚Ä¶ https://t.co/IWQkXVQE08",Thu Aug 02 05:45:00 +0000 2018,0.209,0.791,0.0,0.6973
204,@CNN,CNN,‚ÄúI lead a very moderate life. I don‚Äôt do anything in excess. I don‚Äôt eat food until I get fat and that kind of thin‚Ä¶ https://t.co/RndKdHfpXE,Thu Aug 02 05:46:00 +0000 2018,0.0,1.0,0.0,0.0
205,@CNN,CNN,A woman says a supermarket called police on her while she was helping a homeless man https://t.co/ycKBFCSnZK https://t.co/fZOEvEPwJ3,Thu Aug 02 05:46:03 +0000 2018,0.136,0.864,0.0,0.296
206,@BBCWorld,BBC News (World),High-ranking Chinese monk accused of sexually harassing nuns https://t.co/1312ZRPEf7,Thu Aug 02 05:51:32 +0000 2018,0.0,0.551,0.449,-0.6908
207,@CNN,CNN,This Chinese photographer is challenging the stereotypes of girlhood  https://t.co/VsY94Ql7Ya,Thu Aug 02 05:52:45 +0000 2018,0.151,0.849,0.0,0.1531
208,@FoxNews,Fox News,Fresno State professor blames newspaper's 'biased' reporting for 'inhumane and cruel' hate mail https://t.co/2ijvfEYtXM,Thu Aug 02 05:53:00 +0000 2018,0.0,0.519,0.481,-0.8807
209,@CNN,CNN,White House press secretary Sarah Sanders falsely blamed journalists for thwarting US spying on Osama bin Laden jus‚Ä¶ https://t.co/8uRzoDVyLi,Thu Aug 02 05:53:04 +0000 2018,0.0,0.78,0.22,-0.5859
210,@FoxNews,Fox News,".@AlanDersh: ""Why do we need a special counsel? The cases don't involve Russia for the most part."" @IngrahamAngle https://t.co/Kx0mwA99vH",Thu Aug 02 06:00:00 +0000 2018,0.137,0.863,0.0,0.4019
211,@CNN,CNN,"LAPD officers had gone 13 years without killing a hostage or bystander while confronting armed suspects.

In the la‚Ä¶ https://t.co/THMKtndY4G",Thu Aug 02 06:00:05 +0000 2018,0.15,0.68,0.17,0.1321
212,@nytimes,The New York Times,Just the name Kashmir conjures a set of opposing images. It is a staggeringly beautiful place that lives up to all‚Ä¶ https://t.co/fUUrGbpB0b,Thu Aug 02 06:02:02 +0000 2018,0.17,0.83,0.0,0.5994
213,@FoxNews,Fox News,"A stray dog who joined in on a half-marathon in Australia not only finished the race, but also earned a medal in th‚Ä¶ https://t.co/FzGKA7jxem",Thu Aug 02 06:07:00 +0000 2018,0.172,0.828,0.0,0.631
214,@CNN,CNN,"Han Solo's jacket -- the one worn by Harrison Ford in the Star Wars Film ""The Empire Strikes Back"" -- could fetch o‚Ä¶ https://t.co/V04ToppD3s",Thu Aug 02 06:07:04 +0000 2018,0.0,0.717,0.283,-0.8074
215,@CNN,CNN,Among the attendees of President Trump's rally in Florida were people holding up signs promoting an online right-wi‚Ä¶ https://t.co/qMcKtBSNAj,Thu Aug 02 06:14:02 +0000 2018,0.122,0.878,0.0,0.3612
216,@FoxNews,Fox News,".@SteveHiltonx: ""You hear the critics of @POTUS say, 'He's starting this trade war.' No, it was @BillClinton who st‚Ä¶ https://t.co/Om1LIjeo7Q",Thu Aug 02 06:15:00 +0000 2018,0.0,0.804,0.196,-0.5267
217,@CNN,CNN,Texans can now hitch a ride in this self-driving car as part of a pilot ride-sharing program https://t.co/dt3rPGLXtv https://t.co/YnfC6NmMdR,Thu Aug 02 06:16:00 +0000 2018,0.0,1.0,0.0,0.0
218,@CNN,CNN,"Hundreds of demonstrators gathered in Copenhagen, Denmark, wearing burqas and other face veils to protest a law aga‚Ä¶ https://t.co/XDDbLCogpI",Thu Aug 02 06:21:04 +0000 2018,0.0,0.895,0.105,-0.25
219,@FoxNews,Fox News,USC facing 300 plaintiffs in lawsuit against ex-gynecologist; faculty wants embattled president gone https://t.co/ipihz9AnxJ,Thu Aug 02 06:23:00 +0000 2018,0.0,0.872,0.128,-0.2263
220,@CNN,CNN,Housing and rates are worrying some economists that a recession is looming https://t.co/t5OMkCB0JT https://t.co/wu3q3NBFwI,Thu Aug 02 06:28:06 +0000 2018,0.0,0.599,0.401,-0.6908
221,@FoxNews,Fox News,"No evidence of shots fired at California hospital, police say https://t.co/irJGvtwjqc",Thu Aug 02 06:29:45 +0000 2018,0.0,0.608,0.392,-0.7003
222,@FoxNews,Fox News,A little girl in Northern California is doing what she can to help firefighters battling the deadly Carr Fire.‚Ä¶ https://t.co/bkn5BcAWE9,Thu Aug 02 06:30:00 +0000 2018,0.124,0.78,0.096,0.1531
223,@nytimes,The New York Times,"RT @NYTScience: New Ebola outbreak hits the Democratic Republic of Congo, leaving at least 20 dead, one week after the last outbreak was de‚Ä¶",Thu Aug 02 06:32:04 +0000 2018,0.0,0.842,0.158,-0.6486
224,@CBS,CBS,Have you heard? Tonight's the first Live Show of #BB20. Grab a seat and get ready to watch the action unfold on CBS‚Ä¶ https://t.co/0YgRV1HLGd,Thu Jul 05 21:12:17 +0000 2018,0.102,0.898,0.0,0.3612
225,@CBS,CBS,RT @TKOCBS: Prepare to have some major FUN. #TKO starts NOW! https://t.co/i2ftL6GCj5,Thu Jul 12 01:01:24 +0000 2018,0.282,0.718,0.0,0.6514
226,@CBS,CBS,RT @StrangeAngel: Mastermind or maniac? Explore the brilliant mind of Jack Parsons in #StrangeAngel. Now streaming on CBS All Access: https‚Ä¶,Thu Jun 14 16:19:32 +0000 2018,0.147,0.734,0.12,0.1779
227,@CBS,CBS,"In case you missed it, watch the entire #TonyAwards now: https://t.co/Bm0yNV3Ff3 https://t.co/h3YnFkmSQJ",Thu Jun 14 17:30:00 +0000 2018,0.0,0.833,0.167,-0.296
228,@CBS,CBS,"Lights, camera, selfie! üì∏¬†Could there be a better photo for #NationalSelfieDay? https://t.co/14Ewx64yKC",Thu Jun 21 23:29:50 +0000 2018,0.197,0.803,0.0,0.4926
229,@CBS,CBS,üí•üåéüî¨¬†#WorldEmojiDay,Tue Jul 17 17:22:26 +0000 2018,0.0,1.0,0.0,0.0
230,@CBS,CBS,Celebrate #WorldEmojiDay with a fun game! Use the emoji sequences below to guess the CBS show. üëá Tweet your respons‚Ä¶ https://t.co/LCqvuVtkXK,Tue Jul 17 17:22:26 +0000 2018,0.258,0.742,0.0,0.807
231,@CBS,CBS,üèùüî•üíµ¬†#WorldEmojiDay,Tue Jul 17 17:22:27 +0000 2018,0.0,1.0,0.0,0.0
232,@CBS,CBS,üíÑüë†üì∑¬†#WorldEmojiDay,Tue Jul 17 17:22:27 +0000 2018,0.0,1.0,0.0,0.0
233,@CBS,CBS,üè†üìπüìπüìπ¬†#WorldEmojiDay,Tue Jul 17 17:22:27 +0000 2018,0.0,1.0,0.0,0.0
234,@CBS,CBS,üë∂üí•üåéüî¨¬†#WorldEmojiDay,Tue Jul 17 17:22:27 +0000 2018,0.0,1.0,0.0,0.0
235,@CBS,CBS,üêÆ‚öñÔ∏è¬†#WorldEmojiDay,Tue Jul 17 17:22:27 +0000 2018,0.0,1.0,0.0,0.0
236,@CBS,CBS,üíôüëÆüçΩ¬†#WorldEmojiDay,Tue Jul 17 17:22:28 +0000 2018,0.0,1.0,0.0,0.0
237,@CBS,CBS,üåé‚òÑÔ∏è¬†#WorldEmojiDay,Tue Jul 17 17:22:28 +0000 2018,0.0,1.0,0.0,0.0
238,@CBS,CBS,üè∑üí∞üé∞¬†#WorldEmojiDay,Tue Jul 17 17:22:28 +0000 2018,0.0,1.0,0.0,0.0
239,@CBS,CBS,üë∂üò¥üö´¬†#WorldEmojiDay,Tue Jul 17 17:22:28 +0000 2018,0.0,1.0,0.0,0.0
240,@CBS,CBS,ü§ùüíºüí∞¬†#WorldEmojiDay,Tue Jul 17 17:22:28 +0000 2018,0.0,1.0,0.0,0.0
241,@CBS,CBS,üí£üìé¬†#WorldEmojiDay,Tue Jul 17 17:22:28 +0000 2018,0.0,1.0,0.0,0.0
242,@CBS,CBS,üèÑüå¥üöî¬†#WorldEmojiDay,Tue Jul 17 17:22:29 +0000 2018,0.0,1.0,0.0,0.0
243,@CBS,CBS,‚öìÔ∏èü¶Öüá∫üá∏¬†#WorldEmojiDay,Tue Jul 17 17:22:29 +0000 2018,0.0,1.0,0.0,0.0
244,@CBS,CBS,üïµÔ∏èüïµÔ∏è‚Äç‚ôÄÔ∏è¬†#WorldEmojiDay,Tue Jul 17 17:22:29 +0000 2018,0.0,1.0,0.0,0.0
245,@CBS,CBS,üë©‚Äçüíºüíºüá∫üá∏¬†#WorldEmojiDay,Tue Jul 17 17:22:29 +0000 2018,0.0,1.0,0.0,0.0
246,@CBS,CBS,üë®üìù‚úîÔ∏è¬†#WorldEmojiDay,Tue Jul 17 17:22:29 +0000 2018,0.0,1.0,0.0,0.0
247,@CBS,CBS,ü§∞üë©‚Äçüëßüö´üç∏ #WorldEmojiDay,Tue Jul 17 17:55:25 +0000 2018,0.0,1.0,0.0,0.0
248,@CBS,CBS,"Mark your calendars because you won‚Äôt want to miss this! Former Secretaries of State @HillaryClinton, @Madeleine, a‚Ä¶ https://t.co/JKDPp97OqN",Tue Jul 24 18:54:14 +0000 2018,0.068,0.834,0.099,-0.1511
249,@BBCWorld,BBC News (World),Backpackers attacked with shovel in Australian bush https://t.co/ZuioxsSWKf,Tue Jul 31 03:16:41 +0000 2018,0.0,0.7,0.3,-0.4588
250,@BBCWorld,BBC News (World),Lombok earthquake: 543 hikers evacuated from Mt Rinjani https://t.co/osNkO31id8,Tue Jul 31 03:37:41 +0000 2018,0.0,1.0,0.0,0.0
251,@BBCWorld,BBC News (World),False widow spider 'devours' native lizard https://t.co/JRGZdGVoCd,Tue Jul 31 05:49:49 +0000 2018,0.0,1.0,0.0,0.0
252,@BBCWorld,BBC News (World),Does the death penalty deter rape in India? https://t.co/x214kpsRsn,Tue Jul 31 07:02:10 +0000 2018,0.0,0.341,0.659,-0.9118
253,@BBCWorld,BBC News (World),"RT @BBCNewsbeat: Fans have praised Chrissy Teigan for showing her 'mom bod' üôå
https://t.co/H21BRMFeYr",Tue Jul 31 07:14:46 +0000 2018,0.186,0.814,0.0,0.4939
254,@BBCWorld,BBC News (World),India telecom chief denies losing dare to hackers https://t.co/VjFUWULMcW,Tue Jul 31 07:47:23 +0000 2018,0.0,0.565,0.435,-0.6597
255,@BBCWorld,BBC News (World),New Zealand sexist road sign changed by seven-year-old girl https://t.co/ooHEslKjhD,Tue Jul 31 07:52:33 +0000 2018,0.0,1.0,0.0,0.0
256,@BBCWorld,BBC News (World),Zimbabwe election: Mnangagwa and Chamisa both upbeat https://t.co/42xf894DGv,Tue Jul 31 08:57:57 +0000 2018,0.0,1.0,0.0,0.0
257,@BBCWorld,BBC News (World),"Miss Helen, shark stolen in a pram, recovering in US aquarium https://t.co/jPxIarATwO",Tue Jul 31 09:21:52 +0000 2018,0.0,0.652,0.348,-0.5859
258,@BBCWorld,BBC News (World),"The battle to stop former Islamic State fighters getting to Europe 

https://t.co/FFeNmOa2ne https://t.co/pUFcKzoKaS",Tue Jul 31 10:11:57 +0000 2018,0.0,0.625,0.375,-0.6124
259,@BBCWorld,BBC News (World),Southern Agricultural Show: 'Special' bull named supreme champion https://t.co/3GyOfgeXkj,Tue Jul 31 10:21:49 +0000 2018,0.517,0.483,0.0,0.8176
260,@BBCWorld,BBC News (World),Dareen Tatour: Israeli Arab poet sentenced for incitement https://t.co/6GLhP5wyDF,Tue Jul 31 10:42:08 +0000 2018,0.0,0.879,0.121,-0.0258
261,@BBCWorld,BBC News (World),Colombia shoot-out kills eight in area hit by rebel feud https://t.co/IgOq5ouXWL,Tue Jul 31 10:52:03 +0000 2018,0.0,0.516,0.484,-0.7579
262,@BBCWorld,BBC News (World),Kenya's Tourism Minister sorry for saying 'go to hell' https://t.co/rj3SDevE6f,Tue Jul 31 11:24:12 +0000 2018,0.0,0.576,0.424,-0.7096
263,@BBCWorld,BBC News (World),Stranded Russian climber rescued after six-day ordeal in Pakistan https://t.co/oi8qbSW2yj,Tue Jul 31 12:01:26 +0000 2018,0.237,0.763,0.0,0.4215
264,@BBCWorld,BBC News (World),Italian athlete Osakue fears climate of violence after attack https://t.co/QBjyCyfn2V,Tue Jul 31 12:08:32 +0000 2018,0.0,0.412,0.588,-0.875
265,@BBCWorld,BBC News (World),Iranians criticise Trump's offer of talks https://t.co/NjlnmBuHcU,Tue Jul 31 12:23:52 +0000 2018,0.0,0.674,0.326,-0.4404
266,@BBCWorld,BBC News (World),D√ºsseldorf neo-Nazi attack: Defendant acquitted of bomb blast https://t.co/J4AssUv1gj,Tue Jul 31 12:33:58 +0000 2018,0.14,0.42,0.441,-0.6486
267,@BBCWorld,BBC News (World),Romanian police confiscate anti-government number plates https://t.co/nfC81DCEZ1,Tue Jul 31 12:36:38 +0000 2018,0.178,0.822,0.0,0.0772
268,@BBCWorld,BBC News (World),Did MI5 miss chance to catch Manchester Arena bomber Salman Abedi? https://t.co/u7PPXhALlv,Tue Jul 31 12:46:06 +0000 2018,0.147,0.735,0.118,0.1027
269,@BBCWorld,BBC News (World),German heatwave causes beer bottle shortage as sales surge https://t.co/62E1UN4pIv,Tue Jul 31 12:53:23 +0000 2018,0.0,0.818,0.182,-0.25
270,@BBCWorld,BBC News (World),'Bigfoot erotica' row turns Virginia congressional race ugly https://t.co/pdYtm6gON8,Tue Jul 31 13:06:21 +0000 2018,0.0,0.708,0.292,-0.5106
271,@BBCWorld,BBC News (World),Slovakia alarmed by pro-Putin Night Wolves bikers' base https://t.co/xkes4ataUX,Tue Jul 31 13:26:28 +0000 2018,0.0,0.769,0.231,-0.34
272,@BBCWorld,BBC News (World),Alaska Airlines: Gay man accuses company of discrimination https://t.co/37IMMxZbue,Tue Jul 31 13:38:57 +0000 2018,0.0,0.769,0.231,-0.34
273,@BBCWorld,BBC News (World),"RT @BBCNews: #HappyBirthdayHarryPotter!

This is how the boy wizard enchanted the world https://t.co/IUE40g5UtA https://t.co/nQQb1kjkMf",Tue Jul 31 14:35:40 +0000 2018,0.182,0.818,0.0,0.4389
274,@BBCWorld,BBC News (World),Missing Malaysia flight MH370: Aviation chief quits over failings https://t.co/HMDmiqj3OJ,Tue Jul 31 14:37:16 +0000 2018,0.0,0.597,0.403,-0.6597
275,@BBCWorld,BBC News (World),Mexico's Popocat√©petl volcano spews ash high into the sky https://t.co/iYESDgTIgj,Tue Jul 31 15:27:59 +0000 2018,0.0,1.0,0.0,0.0
276,@BBCWorld,BBC News (World),"RT @BBCNorthAmerica: Have you been asked to relinquish your duties as a bridesmaid? Or, have you disinvited your bridesmaid or a guest from‚Ä¶",Tue Jul 31 15:38:52 +0000 2018,0.0,1.0,0.0,0.0
277,@BBCWorld,BBC News (World),"Disguised as a baby and stolen from an aquarium ü¶à

Now Miss Helen the horn shark is back where she belongs https://t.co/W6oQaqiiY1",Tue Jul 31 15:41:32 +0000 2018,0.0,0.723,0.277,-0.7096
278,@BBCWorld,BBC News (World),Full story: Shark 'recovering' after aquarium pram kidnap https://t.co/NjP7ki3LNh,Tue Jul 31 15:54:56 +0000 2018,0.0,1.0,0.0,0.0
279,@BBCWorld,BBC News (World),Florida paramedics 'racially profiled' dying woman https://t.co/Qc2Jm2KD8K,Tue Jul 31 16:17:37 +0000 2018,0.0,1.0,0.0,0.0
280,@BBCWorld,BBC News (World),"Car crush TV üò±

60 luxury vehicles destroyed in Philippines smuggling crackdown https://t.co/B7JqzYrWT8 https://t.co/dWA5sY3GsM",Tue Jul 31 16:31:23 +0000 2018,0.0,0.467,0.533,-0.9136
281,@BBCWorld,BBC News (World),Vancouver man shoved into oncoming traffic https://t.co/FxaOTk1B7y,Tue Jul 31 17:10:53 +0000 2018,0.0,1.0,0.0,0.0
282,@BBCWorld,BBC News (World),Central African Republic: Russian journalists die in ambush https://t.co/20UsopoIQL,Tue Jul 31 18:13:36 +0000 2018,0.0,0.672,0.328,-0.5994
283,@BBCWorld,BBC News (World),"RT @BBCNorthAmerica: Calling all mothers! We‚Äôre working on a video about going back to work after having a baby, and we want to hear about‚Ä¶",Tue Jul 31 18:54:46 +0000 2018,0.067,0.933,0.0,0.1511
284,@BBCWorld,BBC News (World),The face behind a stock image: How I gave away my face for free https://t.co/30VPyr7uqN,Tue Jul 31 19:01:02 +0000 2018,0.216,0.784,0.0,0.5106
285,@BBCWorld,BBC News (World),The unlikely US box office stars https://t.co/28KqKfpark,Tue Jul 31 19:44:26 +0000 2018,0.0,1.0,0.0,0.0
286,@CBS,CBS,Celebrate #NationalAvocadoDay with @letsmakeadeal. ü•ë Relive this #LMAD moment when an avocado wins one amazing deal! https://t.co/QS8GLajWU5,Tue Jul 31 21:02:33 +0000 2018,0.451,0.549,0.0,0.9098
287,@BBCWorld,BBC News (World),'A horrendous battle': Dry conditions fuel California wildfires https://t.co/lipl6doKJX,Tue Jul 31 21:10:47 +0000 2018,0.0,0.678,0.322,-0.5859
288,@BBCWorld,BBC News (World),South Africa to amend constitution to allow land expropriation https://t.co/uPKuWAejmT,Tue Jul 31 21:28:39 +0000 2018,0.174,0.826,0.0,0.2263
289,@BBCWorld,BBC News (World),"RT @BBCBreaking: Plane with at least 80 on board crashes in Mexican city of Durango, local media report https://t.co/BrNF7LDkq8",Tue Jul 31 21:42:30 +0000 2018,0.0,1.0,0.0,0.0
290,@BBCWorld,BBC News (World),Airliner crashes in Mexico - reports https://t.co/4omqnDT7gZ,Tue Jul 31 21:43:38 +0000 2018,0.0,1.0,0.0,0.0
291,@BBCWorld,BBC News (World),Canada says it is using DNA websites to identify some migrants https://t.co/r0DMkoIp9M,Tue Jul 31 22:01:07 +0000 2018,0.0,1.0,0.0,0.0
292,@BBCWorld,BBC News (World),US embassy in London auctions off toilet rolls and old goods https://t.co/L3AJUtNMDB,Tue Jul 31 22:47:08 +0000 2018,0.0,1.0,0.0,0.0
293,@BBCWorld,BBC News (World),Black Panther spin-off: How author Nnedi Okorafor found her identity https://t.co/ckuLR5VGzw,Tue Jul 31 23:03:24 +0000 2018,0.0,1.0,0.0,0.0
294,@BBCWorld,BBC News (World),Disinvited - the bridesmaids no longer needed https://t.co/J1GHxeizPL,Tue Jul 31 23:05:54 +0000 2018,0.0,0.732,0.268,-0.296
295,@BBCWorld,BBC News (World),100 Women: Playing mother to El Salvador's gang children https://t.co/JbpDgxJGQr,Tue Jul 31 23:25:26 +0000 2018,0.167,0.833,0.0,0.2023
296,@CBS,CBS,"No pain, no gain, ALL Hart! Just one month until the premiere of @TKOCBS hosted by @KevinHart4real. https://t.co/C1yMCglxVn",Tue Jun 12 00:19:23 +0000 2018,0.134,0.551,0.315,-0.5562
297,@BBCWorld,BBC News (World),US release of 3D-printed gun software blocked https://t.co/KupI0zwD3i,Wed Aug 01 01:53:35 +0000 2018,0.0,0.571,0.429,-0.5423
298,@BBCWorld,BBC News (World),How to print your own firearm https://t.co/QwdhuPa7MJ,Wed Aug 01 02:13:11 +0000 2018,0.0,1.0,0.0,0.0
299,@BBCWorld,BBC News (World),Plastic bags: Australia anger over Coles 'caving in to tantrums' https://t.co/rKmTzka50v,Wed Aug 01 02:56:19 +0000 2018,0.0,0.592,0.408,-0.7351
300,@BBCWorld,BBC News (World),"RT @SallyBundockBBC: If you are a #Facebook user tell us what you're up to. Do you use the social media platform to connect, for news, shop‚Ä¶",Wed Aug 01 03:02:23 +0000 2018,0.0,1.0,0.0,0.0
301,@BBCWorld,BBC News (World),Window-smashing kangaroo escapes from shelter in Australia https://t.co/P4sbbcV3wS,Wed Aug 01 04:59:52 +0000 2018,0.176,0.824,0.0,0.128
302,@BBCWorld,BBC News (World),"RT @BBCSport: Incredible.

Johanna Konta has inflicted the worst defeat of Serena Williams' career üëâ https://t.co/G8me6nYIG0 https://t.co/Q‚Ä¶",Wed Aug 01 05:53:37 +0000 2018,0.0,0.717,0.283,-0.7964
303,@BBCWorld,BBC News (World),"Not Middle Earth or Westeros, but Vietnam. 

This outstanding new bridge has taken the internet by storm‚Ä¶ https://t.co/j8IkZyk1ky",Wed Aug 01 06:37:35 +0000 2018,0.28,0.72,0.0,0.8236
304,@nytimes,The New York Times,RT @PekingMike: Important story on some pushback against Xi - must read. By ‚Å¶@ChuBailiang‚Å©  https://t.co/FRa3dyxP4Q,Wed Aug 01 07:18:06 +0000 2018,0.122,0.878,0.0,0.2023
305,@nytimes,The New York Times,China‚Äôs Plan to Win Friends and Influence Includes Ski Slopes and Spas https://t.co/xK8ySAhcMY,Wed Aug 01 07:18:31 +0000 2018,0.385,0.615,0.0,0.7845
306,@nytimes,The New York Times,"""You started understanding the life of the people, how they lived, what they thought, who they loved"" https://t.co/D64VSN8vlm",Wed Aug 01 07:32:06 +0000 2018,0.187,0.813,0.0,0.5994
307,@BBCWorld,BBC News (World),"Meet Mamma Maria, the Greek mother who feeds refugees and says threats won't stop her 

https://t.co/KVh5uI8dTw https://t.co/QTnNvrgRvz",Wed Aug 01 07:46:07 +0000 2018,0.096,0.762,0.142,-0.2292
308,@nytimes,The New York Times,RT @nytopinion: Exploiting my family by having my sister disown me on state television was by far Iran's most ferocious attempt to shame me‚Ä¶,Wed Aug 01 07:47:02 +0000 2018,0.0,0.732,0.268,-0.7713
309,@BBCWorld,BBC News (World),Zimbabwe's Zanu-PF 'has most seats' https://t.co/mlJ5PgtEfa,Wed Aug 01 08:01:52 +0000 2018,0.0,1.0,0.0,0.0
310,@nytimes,The New York Times,"""Among everyone caught up in the #MeToo movement, only Mr. Moonves was so bold ‚Äî or so reckless ‚Äî as to start a civ‚Ä¶ https://t.co/C91XUrI0So",Wed Aug 01 08:02:02 +0000 2018,0.128,0.759,0.114,0.0959
311,@nytimes,The New York Times,"RT @nytimesworld: ‚ÄúI don‚Äôt think the government realizes how bad the drought is,‚Äù one Australian cattle farmer said. ‚ÄúFarmers are past the‚Ä¶",Wed Aug 01 08:15:06 +0000 2018,0.0,0.857,0.143,-0.5423
312,@nytimes,The New York Times,"""The touchpoint with ISIS is not by proximity to the caliphate but through the relationships they make online,"" sai‚Ä¶ https://t.co/VAwrV6KNpQ",Wed Aug 01 08:30:08 +0000 2018,0.0,1.0,0.0,0.0
313,@BBCWorld,BBC News (World),Swedish crown jewels: Speedboat thieves steal priceless treasures https://t.co/sHFod8j8YC,Wed Aug 01 08:35:10 +0000 2018,0.335,0.289,0.376,-0.1779
314,@nytimes,The New York Times,RT @nytimesworld: 3 Russian journalists who were investigating the activities of a private security company were killed in the Central Afri‚Ä¶,Wed Aug 01 08:46:05 +0000 2018,0.1,0.711,0.188,-0.4767
315,@nytimes,The New York Times,"Police say a Connecticut man used dating apps to hunt women, including a nurse he met through Tinder who was murder‚Ä¶ https://t.co/lBWHxlaLq0",Wed Aug 01 09:00:05 +0000 2018,0.0,1.0,0.0,0.0
316,@BBCWorld,BBC News (World),"RT @BBC_HaveYourSay: üë©‚Äç‚úàÔ∏èDaughter pilots mum's final flight as an air hostess. ‚úàÔ∏è
https://t.co/0YS4PsU0uz",Wed Aug 01 09:15:06 +0000 2018,0.0,1.0,0.0,0.0
317,@nytimes,The New York Times,Facebook said that it had identified a political influence campaign that was potentially built to disrupt the U.S.‚Ä¶ https://t.co/wuePI6gIjl,Wed Aug 01 09:15:08 +0000 2018,0.0,1.0,0.0,0.0
318,@BBCWorld,BBC News (World),RT @BBCAfrica: Zimbabwe elections: The bones that haunt the country https://t.co/lUZQPIOUlg https://t.co/WBA5rJ5yJZ,Wed Aug 01 09:17:13 +0000 2018,0.0,0.803,0.197,-0.4019
319,@nytimes,The New York Times,The second-largest number of votes in Cambodia's general election went to a surprising beneficiary: no one https://t.co/jqco30UHC4,Wed Aug 01 09:32:05 +0000 2018,0.314,0.58,0.106,0.5106
320,@nytimes,The New York Times,One construction firm used China's Belt and Road plan to justify a deal to build an amusement park in an Indonesian‚Ä¶ https://t.co/kfqohSMqPG,Wed Aug 01 09:45:05 +0000 2018,0.111,0.889,0.0,0.3612
321,@BBCWorld,BBC News (World),Koreans turn to ice vests and hot soup in record Seoul heat https://t.co/mbS1uVrvqT,Wed Aug 01 09:50:19 +0000 2018,0.0,1.0,0.0,0.0
322,@nytimes,The New York Times,Morning¬†Briefing: Here's what you need to know to start your day https://t.co/q0Y7ThSrbe https://t.co/hlUo4wgDYx,Wed Aug 01 10:00:09 +0000 2018,0.0,1.0,0.0,0.0
323,@BBCWorld,BBC News (World),Machu Picchu train crash: Collision injures 15 tourists in Peru https://t.co/CgcT7b4KWw,Wed Aug 01 10:04:12 +0000 2018,0.0,0.634,0.366,-0.6369
324,@nytimes,The New York Times,"Taiwan has been chosen as the first Asian host for the Oslo Freedom Forum, an international human rights conference  https://t.co/XChjLbVQe2",Wed Aug 01 10:15:07 +0000 2018,0.181,0.819,0.0,0.6369
325,@BBCWorld,BBC News (World),DR Congo country profile https://t.co/5GrFJeyX4p,Wed Aug 01 10:28:03 +0000 2018,0.0,1.0,0.0,0.0
326,@nytimes,The New York Times,"Tommy Robinson, the jailed British far-right activist who has gained the support of figures like Stephen Bannon, wa‚Ä¶ https://t.co/qTO1AlmNmq",Wed Aug 01 10:30:14 +0000 2018,0.3,0.577,0.123,0.5574
327,@BBCWorld,BBC News (World),Democratic Republic of Congo profile - Timeline https://t.co/oqZhVjdxa3,Wed Aug 01 10:30:23 +0000 2018,0.0,1.0,0.0,0.0
328,@nytimes,The New York Times,"""The church is immersed in a deep crisis, and those who committed abuses against minors have to pay for those crime‚Ä¶ https://t.co/z34sqali0m",Wed Aug 01 10:40:06 +0000 2018,0.074,0.603,0.323,-0.7906
329,@nytimes,The New York Times,"RT @amyvirshup: Separated children at Cayuga Centers took the city by surprise, but in fact, it had been making itself into the biggest fos‚Ä¶",Wed Aug 01 10:51:01 +0000 2018,0.063,0.937,0.0,0.1406
330,@BBCWorld,BBC News (World),RT @BBCBusiness: Tesla boss Elon Musk facing two lawsuits https://t.co/zKpL6HWAkb,Wed Aug 01 10:57:05 +0000 2018,0.0,0.849,0.151,-0.1531
331,@BBCWorld,BBC News (World),Joey Dunlop's TT winning outfit to be auctioned https://t.co/RdYVrSQ7HE,Wed Aug 01 10:59:06 +0000 2018,0.298,0.702,0.0,0.5267
332,@nytimes,The New York Times,"Sarah Hanson-Young, an Australian senator, filed a defamation suit against a fellow lawmaker who she says made a se‚Ä¶ https://t.co/T25tppuKo6",Wed Aug 01 11:01:07 +0000 2018,0.0,1.0,0.0,0.0
333,@BBCWorld,BBC News (World),Korea remains: US finds one 'dog tag' among war dead returned by North Korea https://t.co/9i51sSyu1t,Wed Aug 01 11:01:43 +0000 2018,0.0,0.613,0.387,-0.8481
334,@nytimes,The New York Times,Robert Mueller has referred 3 investigations into possible illicit foreign lobbying to federal prosecutors in New Y‚Ä¶ https://t.co/VQ1hkkwUwE,Wed Aug 01 11:11:05 +0000 2018,0.0,0.925,0.075,-0.0772
335,@nytimes,The New York Times,Blueprints for making a variety of plastic guns on 3-D printers were scheduled to be posted online today. Here's a‚Ä¶ https://t.co/spieYYWSZC,Wed Aug 01 11:20:08 +0000 2018,0.0,1.0,0.0,0.0
336,@nytimes,The New York Times,"""They are expanding everything,"" an arms control expert said about North Korea. ""And to be fair, they have never sa‚Ä¶ https://t.co/A0gVIHxCOF",Wed Aug 01 11:30:07 +0000 2018,0.103,0.897,0.0,0.3182
337,@nytimes,The New York Times,"RT @nytopinion: Steven Mnuchin, the Treasury secretary, wants to give the superrich another huge tax break just months after Congress passe‚Ä¶",Wed Aug 01 11:44:04 +0000 2018,0.177,0.823,0.0,0.4767
338,@nytimes,The New York Times,"Your daily @DealBook Briefing:

‚Ä¢ Facebook flags midterm meddling.

‚Ä¢ Apple sweats its way to $1 trillion.

‚Ä¢ Googl‚Ä¶ https://t.co/cLxoo92uGK",Wed Aug 01 12:00:14 +0000 2018,0.0,1.0,0.0,0.0
339,@BBCWorld,BBC News (World),Trump claims Americans need ID to go shopping https://t.co/RQn7pKP2iu,Wed Aug 01 12:12:37 +0000 2018,0.0,1.0,0.0,0.0
340,@nytimes,The New York Times,"After a record level of turnover in the Trump administration, Stephen Miller has succeeded in surrounding himself w‚Ä¶ https://t.co/hHX1naIkJR",Wed Aug 01 12:14:04 +0000 2018,0.141,0.859,0.0,0.4215
341,@nytimes,The New York Times,Paul Manafort's trial on financial fraud charges opened on Tuesday with an effort by his defense team to deflect bl‚Ä¶ https://t.co/LVww9IfjgB,Wed Aug 01 12:30:09 +0000 2018,0.059,0.709,0.232,-0.6597
342,@BBCWorld,BBC News (World),Ex-warlord Jean-Pierre Bemba welcomed home to DR Congo https://t.co/cRslQb54eJ,Wed Aug 01 12:41:25 +0000 2018,0.231,0.769,0.0,0.34
343,@nytimes,The New York Times,The Justice Department is investigating claims that drug companies doing business in Iraq knew that the free medici‚Ä¶ https://t.co/Pd9GF3CFJA,Wed Aug 01 12:46:08 +0000 2018,0.283,0.717,0.0,0.7717
344,@nytimes,The New York Times,Morning¬†Briefing: Here's what you need to know to start your day https://t.co/OqaZ6IEwi0 https://t.co/IuucSqpyG5,Wed Aug 01 13:00:10 +0000 2018,0.0,1.0,0.0,0.0
345,@BBCWorld,BBC News (World),Dengue fever outbreak stopped by special mosquitoes https://t.co/S85hOEmFMU,Wed Aug 01 13:03:35 +0000 2018,0.255,0.566,0.179,0.2023
346,@BBCWorld,BBC News (World),Stranded Russian climber 'hallucinated' during Pakistan ordeal https://t.co/NWV72mRByf,Wed Aug 01 13:08:41 +0000 2018,0.0,1.0,0.0,0.0
347,@nytimes,The New York Times,"RT @nytlizrobbins: Cayuga Centers transformed from a modest upstate NY program, one that was struggling to keep kids safe, to the largest p‚Ä¶",Wed Aug 01 13:15:06 +0000 2018,0.113,0.778,0.109,0.0258
348,@BBCWorld,BBC News (World),Greek wildfires: Failures revealed after Mati disaster https://t.co/wSIUcaaBZQ,Wed Aug 01 13:27:17 +0000 2018,0.0,0.458,0.542,-0.7964
349,@nytimes,The New York Times,There were no signs of foul play when a pregnant bottlenose dolphin washed up in Mississippi. Then they found the b‚Ä¶ https://t.co/LwylbIyUc3,Wed Aug 01 13:30:08 +0000 2018,0.102,0.805,0.093,0.0516
350,@BBCWorld,BBC News (World),Jellyfish sting dozens as Germany and Sweden battle plague https://t.co/Bn5L4zqrdV,Wed Aug 01 13:37:54 +0000 2018,0.0,0.776,0.224,-0.3818
351,@nytimes,The New York Times,"""He uses it for every occasion ‚Äî it's like his 'aloha,'"" Stephen  Colbert poked fun at President Trump for how ofte‚Ä¶ https://t.co/oOIIjeilNC",Wed Aug 01 13:45:04 +0000 2018,0.234,0.766,0.0,0.7003
352,@nytimes,The New York Times,A major Australian supermarket chain reversed its decision to ban single-use plastic bags after its customers compl‚Ä¶ https://t.co/NghMlHX3kj,Wed Aug 01 14:00:15 +0000 2018,0.0,0.816,0.184,-0.5574
353,@BBCWorld,BBC News (World),How likely are you to survive a plane crash? https://t.co/RouWcuAwgh,Wed Aug 01 14:12:05 +0000 2018,0.0,0.748,0.252,-0.4019
354,@nytimes,The New York Times,RT @jessbidgood: Those police officers who quit over ill-fitting vests and old cruisers? There is a little more to the story. I went to Bla‚Ä¶,Wed Aug 01 14:15:09 +0000 2018,0.0,1.0,0.0,0.0
355,@nytimes,The New York Times,Breaking News: President Trump called on Attorney General Jeff Sessions to end the special counsel investigation an‚Ä¶ https://t.co/VnBmYgiEZT,Wed Aug 01 14:32:06 +0000 2018,0.137,0.863,0.0,0.4019
356,@BBCWorld,BBC News (World),Zimbabwe election: MDC Alliance supporters in Harare clashes https://t.co/aon26GND5M,Wed Aug 01 14:35:31 +0000 2018,0.266,0.734,0.0,0.4404
357,@nytimes,The New York Times,"RT @NYTScience: The Fields Medal, bestowed every four years to mathematicians 40 years or younger, is often described as the subject‚Äôs Nobe‚Ä¶",Wed Aug 01 14:45:10 +0000 2018,0.129,0.871,0.0,0.4767
358,@BBCWorld,BBC News (World),Tajikistan attack: Four cyclists mown down are identified https://t.co/SgkM9D0G95,Wed Aug 01 14:48:28 +0000 2018,0.0,0.721,0.279,-0.4767
359,@nytimes,The New York Times,A new app lets you pay celebrities to... just say stuff https://t.co/Ayq0prHiPt,Wed Aug 01 15:00:07 +0000 2018,0.0,0.877,0.123,-0.1027
360,@BBCWorld,BBC News (World),"üë£üë£üë£

""Imagine, if you would, a world without feet"" - Commuters in Toronto are getting travel tips from a very famou‚Ä¶ https://t.co/jKGFIm50x4",Wed Aug 01 15:09:43 +0000 2018,0.0,1.0,0.0,0.0
361,@nytimes,The New York Times,If this hearty quinoa and white bean soup recipe proves anything it is: Soup doesn't have to be loaded with meat to‚Ä¶ https://t.co/hULMJ2xXmQ,Wed Aug 01 15:15:11 +0000 2018,0.0,1.0,0.0,0.0
362,@nytimes,The New York Times,"RT @NYTmag: Thirty years ago, we almost saved the planet. This is the story of how we failed. https://t.co/EglEQFwHPu https://t.co/WBtopm5p‚Ä¶",Wed Aug 01 15:30:08 +0000 2018,0.105,0.756,0.139,-0.2006
363,@nytimes,The New York Times,"Cody Wilson has been called one of the world's ""most dangerous people."" For more than 5 years, he has pushed to pub‚Ä¶ https://t.co/yrvNbmOx5T",Wed Aug 01 15:45:09 +0000 2018,0.0,0.861,0.139,-0.5256
364,@nytimes,The New York Times,"Accusations of harassment, bullying and editorial interference are roiling Billboard, just as the the whole industr‚Ä¶ https://t.co/xqpmwYM5h1",Wed Aug 01 16:00:07 +0000 2018,0.0,0.591,0.409,-0.8658
365,@BBCWorld,BBC News (World),Canada's Ontario government cuts basic income project short https://t.co/aqZAvvnxt5,Wed Aug 01 16:05:00 +0000 2018,0.0,0.784,0.216,-0.296
366,@nytimes,The New York Times,A reporter was surprised to learn that her New York Times article was censored in Qatar. Here's what happened. https://t.co/2v7fw2bxuT,Wed Aug 01 16:15:08 +0000 2018,0.093,0.829,0.078,0.0772
367,@BBCWorld,BBC News (World),Trump demands Russia probe end 'right now' https://t.co/dxNJ8aL4p4,Wed Aug 01 16:19:17 +0000 2018,0.0,1.0,0.0,0.0
368,@nytimes,The New York Times,Candidates in this year‚Äôs midterm elections have a new tool in their campaign arsenal: mass-texts sent directly to‚Ä¶ https://t.co/Y7kmXGhrJB,Wed Aug 01 16:30:06 +0000 2018,0.0,1.0,0.0,0.0
369,@BBCWorld,BBC News (World),'Disappearance' of top Chinese actress Fan Bingbing concerns fans https://t.co/9PV6o5jmEO,Wed Aug 01 16:36:25 +0000 2018,0.339,0.661,0.0,0.4767
370,@nytimes,The New York Times,"RT @liamstack: Even with Trump in the White House, many in the Green Party squint to see the difference between Democrats and Republicans.‚Ä¶",Wed Aug 01 16:45:09 +0000 2018,0.109,0.891,0.0,0.4019
371,@BBCWorld,BBC News (World),In pictures: Zimbabwe election protesters clash with police https://t.co/hgy88mAoSF,Wed Aug 01 16:52:48 +0000 2018,0.0,0.808,0.192,-0.2263
372,@nytimes,The New York Times,A company in Britain is using edgy funeral ads to open a conversation about death. But some say the campaign goes t‚Ä¶ https://t.co/pTr7ovWQrS,Wed Aug 01 17:04:32 +0000 2018,0.0,0.819,0.181,-0.4939
373,@BBCWorld,BBC News (World),Chinese takeover of German firm Leifeld collapses https://t.co/O4BWWIx6G8,Wed Aug 01 17:12:34 +0000 2018,0.0,0.761,0.239,-0.296
374,@nytimes,The New York Times,Alaska Airlines apologized this week after a flight attendant asked a gay man to give up his seat next to his partn‚Ä¶ https://t.co/1bUQ9QEcCW,Wed Aug 01 17:15:06 +0000 2018,0.103,0.897,0.0,0.3182
375,@nytimes,The New York Times,Cat videos are so popular on the internet that they‚Äôve become universal shorthand for the internet itself. Or at le‚Ä¶ https://t.co/earLad6qf8,Wed Aug 01 17:22:21 +0000 2018,0.153,0.847,0.0,0.5598
376,@BBCWorld,BBC News (World),French rappers Booba and Kaaris brawl at Paris airport https://t.co/tbvLsBRmef,Wed Aug 01 17:31:12 +0000 2018,0.0,1.0,0.0,0.0
377,@nytimes,The New York Times,They represent chaos without consequence. Cats represent the internet as an apolitical playground where crazy stuff‚Ä¶ https://t.co/EP99xEwolm,Wed Aug 01 17:48:14 +0000 2018,0.0,0.711,0.289,-0.7269
378,@nytimes,The New York Times,But lately? We‚Äôre seeing more and more dogs on the internet. And this tells us something about how the internet its‚Ä¶ https://t.co/OOUSVH5doy,Wed Aug 01 17:51:02 +0000 2018,0.0,1.0,0.0,0.0
379,@nytimes,The New York Times,Dogs can be dressed up and made to perform for their audiences in a way that cats just won‚Äôt. Maybe it‚Äôs not a surp‚Ä¶ https://t.co/yIk9zPpcfO,Wed Aug 01 17:54:34 +0000 2018,0.0,1.0,0.0,0.0
380,@nytimes,The New York Times,"So, dogs or cats? Who owns the internet? Let us know in the comments: https://t.co/V1J3aSNPgv",Wed Aug 01 17:57:16 +0000 2018,0.0,1.0,0.0,0.0
381,@nytimes,The New York Times,Those green swirling masses you see on the beach? They're not algae. They're green worms. https://t.co/9Y1RvzF8Mr,Wed Aug 01 18:00:09 +0000 2018,0.0,1.0,0.0,0.0
382,@nytimes,The New York Times,"When the Trump administration announced a citizenship question would appear on the 2020 census, it was met with con‚Ä¶ https://t.co/OnpKPNHT5H",Wed Aug 01 18:15:09 +0000 2018,0.0,1.0,0.0,0.0
383,@BBCWorld,BBC News (World),"""We had just taken off then the plane fell"" ‚Äî passengers on an Aerom√©xico flight that crashed in Mexico describe wh‚Ä¶ https://t.co/qcfy1jW8TL",Wed Aug 01 18:17:26 +0000 2018,0.0,1.0,0.0,0.0
384,@BBCWorld,BBC News (World),Shifted sands reveal Roman settlement in Alderney https://t.co/PcpyAU4wE9,Wed Aug 01 18:22:05 +0000 2018,0.0,1.0,0.0,0.0
385,@BBCWorld,BBC News (World),Ethiopia's exiled patriarch Bishop Merkorios returns https://t.co/91Z5uZ5zyR,Wed Aug 01 18:29:39 +0000 2018,0.0,1.0,0.0,0.0
386,@nytimes,The New York Times,The CEO of the world's largest steel maker says Trump's tariffs have led to his company's best performance since 20‚Ä¶ https://t.co/lHXEFeNQFn,Wed Aug 01 18:30:16 +0000 2018,0.174,0.826,0.0,0.6369
387,@nytimes,The New York Times,Barack Obama just endorsed 81 Democrats running in the 2018 elections. Many were longtime Obama loyalists. Most of‚Ä¶ https://t.co/gmJuUYvO17,Wed Aug 01 18:45:08 +0000 2018,0.194,0.806,0.0,0.4767
388,@BBCWorld,BBC News (World),McDonald's serves pregnant Canadian cleaning fluid latte https://t.co/QoFAExuDJN,Wed Aug 01 18:45:13 +0000 2018,0.0,1.0,0.0,0.0
389,@FoxNews,Fox News,".@AriFleischer on the economy: ""Inflation, unless it's rampant, doesn't hurt you as much as if your wages are not g‚Ä¶ https://t.co/RItY1SsoAG",Wed Aug 01 18:46:31 +0000 2018,0.122,0.878,0.0,0.4168
390,@nytimes,The New York Times,"Thieves stole three royal treasures from a cathedral in Sweden, smashing open a display case and escaping on a spee‚Ä¶ https://t.co/itFyagQtbO",Wed Aug 01 19:00:09 +0000 2018,0.179,0.673,0.148,-0.0772
391,@BBCWorld,BBC News (World),US hits Turkish ministers with sanctions over pastor Andrew Brunson https://t.co/jFfrpwyLfe,Wed Aug 01 19:02:10 +0000 2018,0.0,1.0,0.0,0.0
392,@FoxNews,Fox News,Minnesota speeders' bizarre excuses include a 99 mph Taco Bell run https://t.co/mnOkwStcoc,Wed Aug 01 19:05:42 +0000 2018,0.0,0.813,0.187,-0.3182
393,@FoxNews,Fox News,"RT @FoxNewsResearch: #Trump Admin Unraveling #Obamacare:
‚Ä¢June:
‚ÄîDOJ no longer defending ACA in court
‚ÄîRule allows small biz, self-employed‚Ä¶",Wed Aug 01 19:11:40 +0000 2018,0.0,0.891,0.109,-0.296
394,@nytimes,The New York Times,"What is QAnon? Well, do you remember Pizzagate? It's a little like that: a web of baseless conspiracy theories. https://t.co/vbTGVDJudb",Wed Aug 01 19:15:05 +0000 2018,0.202,0.65,0.147,-0.1162
395,@FoxNews,Fox News,JUST IN: Suspect identified in murder of George H.W. Bush's former doctor. https://t.co/Kw6T2RMplv,Wed Aug 01 19:16:21 +0000 2018,0.0,0.615,0.385,-0.7845
396,@FoxNews,Fox News,".@GOPChairwoman: ""People want President Trump's endorsement more than they want President Obama's."" #OutnumberedOT https://t.co/25iq3qFQHI",Wed Aug 01 19:23:31 +0000 2018,0.308,0.692,0.0,0.4404
397,@FoxNews,Fox News,A U.S. soldier salutes during a repatriation ceremony for the remains of U.S. soldiers killed in the Korean War and‚Ä¶ https://t.co/j5g6buF2Im,Wed Aug 01 19:27:36 +0000 2018,0.0,0.669,0.331,-0.8555
398,@nytimes,The New York Times,"The Freemason groups of England and Wales addressed the status of transgender people for the first time, saying men‚Ä¶ https://t.co/C7HZktVBgN",Wed Aug 01 19:30:10 +0000 2018,0.0,1.0,0.0,0.0
399,@BBCWorld,BBC News (World),Jewellery thefts that shocked the world https://t.co/rnS0PY4ZlB,Wed Aug 01 19:31:55 +0000 2018,0.0,0.723,0.277,-0.3182
400,@FoxNews,Fox News,"Former President @BarackObama endorses dozens of Dems, but snubs @Ocasio2018. (via @brookefoxnews) https://t.co/jvMelfeKcL",Wed Aug 01 19:35:15 +0000 2018,0.101,0.653,0.246,-0.5346
401,@nytimes,The New York Times,"Why is the U.S. Embassy in London auctioning 1,200 rolls of toilet paper? We asked. They explained. https://t.co/SLGH5xEApJ",Wed Aug 01 19:45:05 +0000 2018,0.0,1.0,0.0,0.0
402,@FoxNews,Fox News,Ohio judge orders chatty defendant's mouth taped for sentencing https://t.co/pPQ28UeeBl,Wed Aug 01 19:45:35 +0000 2018,0.0,0.849,0.151,-0.1531
403,@FoxNews,Fox News,RT @ShepNewsTeam: We will be live for today‚Äôs @FoxNews Afternoon Update on Facebook Watch with the latest on missing college student Mollie‚Ä¶,Wed Aug 01 19:46:15 +0000 2018,0.0,0.905,0.095,-0.296
404,@FoxNews,Fox News,".@POTUS' 'sanctuary cities' executive order is unconstitutional, US appeals court rules. https://t.co/lGoKljwHzg",Wed Aug 01 19:46:28 +0000 2018,0.0,1.0,0.0,0.0
405,@BBCWorld,BBC News (World),RT @BBCNews: Passengers were forced to evacuate a Ryanair flight after a mobile phone connected to an external battery pack burst into flam‚Ä¶,Wed Aug 01 19:48:28 +0000 2018,0.0,0.87,0.13,-0.4588
406,@FoxNews,Fox News,All 99 passengers and four crew members made it out alive from a plane crash in Mexico. @ShepNewsTeam‚Ä¶ https://t.co/2E85kv7pxP,Wed Aug 01 19:53:36 +0000 2018,0.122,0.751,0.127,-0.0258
407,@nytimes,The New York Times,Google withdrew from China 8 years ago to protest the country's censorship and online hacking. Now the company is b‚Ä¶ https://t.co/vsNVoflKbA,Wed Aug 01 20:00:06 +0000 2018,0.0,0.905,0.095,-0.25
408,@FoxNews,Fox News,"Former waitress in Arizona returns $1,000 she stole from restaurant in 1990s https://t.co/sVa2wiyYxi",Wed Aug 01 20:03:00 +0000 2018,0.0,1.0,0.0,0.0
409,@FoxNews,Fox News,.@ShepNewsTeam is live with the 'Fox News Update' on Facebook Watch: https://t.co/584lSOl7Bz https://t.co/XzvTDwbCn0,Wed Aug 01 20:03:10 +0000 2018,0.0,1.0,0.0,0.0
410,@FoxNews,Fox News,'Calexit' supporters now want to give away nearly half of California to create an independent Native American natio‚Ä¶ https://t.co/6IY6QiTuBb,Wed Aug 01 20:04:42 +0000 2018,0.283,0.717,0.0,0.6486
411,@FoxNews,Fox News,RT @ShepNewsTeam: Shep is live on Facebook Watch: https://t.co/IWgmOPBXqm,Wed Aug 01 20:04:54 +0000 2018,0.0,1.0,0.0,0.0
412,@BBCWorld,BBC News (World),New Zealand PM Jacinda Ardern returns from maternity leave https://t.co/n98cTOtfWq,Wed Aug 01 20:14:58 +0000 2018,0.0,0.882,0.118,-0.0516
413,@nytimes,The New York Times,Cond√© Nast lost $120 million last year. Now the company plans to put 3 magazines up for sale. https://t.co/hId96CmLmG,Wed Aug 01 20:15:05 +0000 2018,0.0,0.881,0.119,-0.3182
414,@FoxNews,Fox News,"Iran planning Gulf 'swarm' drill involving 100 gun boats within days, US officials say. https://t.co/WOjhl3ckMN",Wed Aug 01 20:24:57 +0000 2018,0.0,0.854,0.146,-0.34
415,@nytimes,The New York Times,The 5 largest quarterly stock buybacks on record now all belong to Apple https://t.co/NzFICM2WOJ,Wed Aug 01 20:30:10 +0000 2018,0.0,1.0,0.0,0.0
416,@FoxNews,Fox News,"On @AmericaNewsroom, @cvpayne celebrated positive economic news. https://t.co/Nn6FRWsrz5 https://t.co/cBSNPnsbtD",Wed Aug 01 20:33:49 +0000 2018,0.51,0.49,0.0,0.8074
417,@FoxNews,Fox News,"National ICE Council President Chris Crane: ""We are not going to let people like this scare us out of doing our job‚Ä¶ https://t.co/q9Bq2XNaBx",Wed Aug 01 20:43:19 +0000 2018,0.092,0.771,0.138,-0.3071
418,@nytimes,The New York Times,"As much as they may loath President Trump, members of the Green Party say several issues ‚Äî including corporate dona‚Ä¶ https://t.co/diKy468Zbf",Wed Aug 01 20:45:05 +0000 2018,0.124,0.876,0.0,0.4019
419,@FoxNews,Fox News,Connecticut woman searches for stolen necklace that contains infant son's ashes: 'I feel incomplete' https://t.co/yBaF6XRTRn,Wed Aug 01 20:47:50 +0000 2018,0.0,0.814,0.186,-0.4939
420,@FoxNews,Fox News,Trouble for Ted?: New TX Poll Shows Cruz Challenger Only 2 Points Down https://t.co/hA7W9gPiYC,Wed Aug 01 20:55:52 +0000 2018,0.271,0.574,0.155,0.2577
421,@BBCWorld,BBC News (World),The moment a passenger plane crashed in Mexico has been captured on video ‚Äî thankfully all 103 people on board surv‚Ä¶ https://t.co/w2xVUcDz5I,Wed Aug 01 20:56:18 +0000 2018,0.128,0.872,0.0,0.4215
422,@nytimes,The New York Times,"President Trump may raise tariffs on fish, handbags and other goods from China to 25%, not 10% as planned https://t.co/5XCtI5zXpz",Wed Aug 01 21:01:05 +0000 2018,0.0,1.0,0.0,0.0
423,@FoxNews,Fox News,Utah man claims McDonald's employee drugged his drink https://t.co/QQkYXNVuBH,Wed Aug 01 21:01:35 +0000 2018,0.0,1.0,0.0,0.0
424,@FoxNews,Fox News,JUST IN: Mueller responds to Trump attorneys' request for parameters of potential interview. https://t.co/UZoXz1kswk,Wed Aug 01 21:04:09 +0000 2018,0.0,1.0,0.0,0.0
425,@FoxNews,Fox News,"Great white shark attacks seal off Massachusetts coast as surfers scramble to shore, video shows. https://t.co/fmauRxH2Qg",Wed Aug 01 21:10:56 +0000 2018,0.195,0.667,0.138,0.296
426,@FoxNews,Fox News,Arizona town is building tiny homes for teachers who can't afford to live closer. https://t.co/vrFOn1xc4L,Wed Aug 01 21:16:00 +0000 2018,0.0,1.0,0.0,0.0
427,@nytimes,The New York Times,"RT @rachelswarns: In mid-July, a group of Muslim children attending an Arabic literacy   program decided to swim at their local pool in Del‚Ä¶",Wed Aug 01 21:17:19 +0000 2018,0.0,1.0,0.0,0.0
428,@FoxNews,Fox News,".@JesseBWatters: ""Right now, Maxine Waters is the face of the Democratic Party, and that's frightening."" #TheFive https://t.co/pb51PxQwbU",Wed Aug 01 21:20:40 +0000 2018,0.144,0.856,0.0,0.4019
429,@CNN,CNN,A man whose mother died during surgery 20 years ago is the suspect in the fatal shooting of a prominent Houston car‚Ä¶ https://t.co/TZ34zMXDn5,Wed Aug 01 21:23:37 +0000 2018,0.08,0.594,0.325,-0.7906
430,@FoxNews,Fox News,"Mollie Tibbetts' boyfriend, brothers, father urge witnesses to 'come forward' in exclusive interviews. https://t.co/GfsOO3kvkA",Wed Aug 01 21:28:46 +0000 2018,0.103,0.897,0.0,0.128
431,@CNN,CNN,Justice Ginsburg: The 'liberal lion' we need right now | By Brenda Feigen via @CNNOpinion https://t.co/cIdbCOCCOs https://t.co/roLLpkshfS,Wed Aug 01 21:29:45 +0000 2018,0.185,0.815,0.0,0.5267
432,@nytimes,The New York Times,"1931: Black residents are required to submit ‚Äúhealth certificates‚Äù to enter a Pittsburgh pool
1949: 50 black swimme‚Ä¶ https://t.co/4kugwcH73z",Wed Aug 01 21:32:06 +0000 2018,0.0,1.0,0.0,0.0
433,@FoxNews,Fox News,Philippine government crushes dozens of luxury cars worth millions. https://t.co/oOgA6zD8H1,Wed Aug 01 21:36:00 +0000 2018,0.148,0.625,0.227,-0.25
434,@CNN,CNN,Two women were found unresponsive in a car along with the likely culprit -- four coolers of dry ice -- Friday morni‚Ä¶ https://t.co/UssOcJzUdN,Wed Aug 01 21:41:04 +0000 2018,0.0,1.0,0.0,0.0
435,@FoxNews,Fox News,.@SenGillibrand fires back at George Soros over her calls for Franken to resign. https://t.co/3HlNb9v472,Wed Aug 01 21:42:00 +0000 2018,0.0,0.844,0.156,-0.34
436,@CNN,CNN,RT @CNNSitRoom: President Trump tweets that Sessions should stop the Mueller investigation ‚Äúright now‚Äù. Is that an obstruction of justice?‚Ä¶,Wed Aug 01 21:43:17 +0000 2018,0.0,0.896,0.104,-0.296
437,@nytimes,The New York Times,You‚Äôre not the only one avoiding the subway in NYC. Ridership has dropped for the second year in a row as New Yorke‚Ä¶ https://t.co/k2AW2zpDES,Wed Aug 01 21:47:07 +0000 2018,0.0,0.902,0.098,-0.34
438,@FoxNews,Fox News,"Massachusetts woman enraged by Trump bumper sticker intentionally rammed into car, police say. https://t.co/DPZYLxWLgq",Wed Aug 01 21:51:04 +0000 2018,0.0,0.828,0.172,-0.4019
439,@CNN,CNN,The acting chief of the EPA Andrew Wheeler starts a new relationship between Capitol Hill and his agency‚Ä¶ https://t.co/XOBBqQuv4Z,Wed Aug 01 21:51:09 +0000 2018,0.0,1.0,0.0,0.0
440,@FoxNews,Fox News,"INCREDIBLE: This pizza delivery guy stunned a family when he asked to play their piano. Little did they know, 18-ye‚Ä¶ https://t.co/E7eiCfqVAn",Wed Aug 01 21:56:54 +0000 2018,0.11,0.826,0.064,0.25
441,@CNN,CNN,Republican senators say President Trump can't ask Attorney General Jeff Sessions to end the Mueller probe‚Ä¶ https://t.co/7oVVoEGaDO,Wed Aug 01 22:01:12 +0000 2018,0.0,1.0,0.0,0.0
442,@nytimes,The New York Times,"The Fields Medal, bestowed every four years to mathematicians 40 years or younger, is often described as the subjec‚Ä¶ https://t.co/FM38RI537y",Wed Aug 01 22:02:06 +0000 2018,0.14,0.86,0.0,0.4767
443,@CNN,CNN,New cluster of Ebola virus cases detected in the Democratic Republic of Congo a week after the government declared‚Ä¶ https://t.co/jtp0cFNFCK,Wed Aug 01 22:06:19 +0000 2018,0.0,1.0,0.0,0.0
444,@CNN,CNN,"House Speaker Paul Ryan finds out that he's part Jewish on PBS' show ""Finding Your Roots"" https://t.co/NuZZ2wTWmD https://t.co/pqTSeDxZnP",Wed Aug 01 22:11:06 +0000 2018,0.0,1.0,0.0,0.0
445,@FoxNews,Fox News,Twitter CEO gets why conservatives are suspicious of Big Tech https://t.co/5I4dIldr6R,Wed Aug 01 22:12:18 +0000 2018,0.0,0.8,0.2,-0.3612
446,@FoxNews,Fox News,Mueller responds to Trump attorneys' request for parameters of potential interview; @johnrobertsFox reports.‚Ä¶ https://t.co/dRjSUyHNjV,Wed Aug 01 22:14:20 +0000 2018,0.0,1.0,0.0,0.0
447,@nytimes,The New York Times,"RT @nytgraphics: The financial fraud trial of Paul Manafort, Donald J. Trump‚Äôs former campaign manager, opened on Tuesday. Here‚Äôs how he is‚Ä¶",Wed Aug 01 22:17:16 +0000 2018,0.0,0.847,0.153,-0.5859
448,@CNN,CNN,"A Nazi flag was spotted flying in a public park in Laramie, Wyoming https://t.co/TsKy8ARPAj https://t.co/tXkQ4xY8oU",Wed Aug 01 22:21:07 +0000 2018,0.0,1.0,0.0,0.0
449,@FoxNews,Fox News,The Iranian economy is faltering under U.S. pressure; @RichEdsonDC reports. #SpecialReport https://t.co/uA7FHq4VRN https://t.co/4zKFZYGEhB,Wed Aug 01 22:25:07 +0000 2018,0.0,0.845,0.155,-0.296
450,@CNN,CNN,"LIVE NOW: Anderson Cooper Full Circle, a daily interactive news show airing on Facebook Watch‚Ä¶ https://t.co/FXNs6LReU2",Wed Aug 01 22:27:43 +0000 2018,0.0,1.0,0.0,0.0
451,@FoxNews,Fox News,"Dan Springer: ""Among the 55 containers of remains there is just one dog tag and that concerns some people. But we'r‚Ä¶ https://t.co/lp94dBM3fB",Wed Aug 01 22:28:05 +0000 2018,0.0,1.0,0.0,0.0
452,@CNN,CNN,"RT @AC360: ""They're using kids as a weapon ... all they wanted to do was get back to their mom"" - Senator @amyklobuchar on family separatio‚Ä¶",Wed Aug 01 22:28:15 +0000 2018,0.0,0.913,0.087,-0.296
453,@CNN,CNN,A woman says a supermarket called police on her while she was helping a homeless man https://t.co/WyYIq7CEoO https://t.co/GaGWrL9y0M,Wed Aug 01 22:28:51 +0000 2018,0.136,0.864,0.0,0.296
454,@CNN,CNN,RT @CNNSitRoom: CNN Exclusive: The TSA is considering eliminating passenger screening at smaller airports https://t.co/KzmLbrT88e https://t‚Ä¶,Wed Aug 01 22:29:15 +0000 2018,0.091,0.909,0.0,0.128
455,@nytimes,The New York Times,"Roughly three-dozen firefighters were searching for any remnants of their fallen colleague, Jeremy Stoke ‚Äî a badge,‚Ä¶ https://t.co/927x2dd3kh",Wed Aug 01 22:32:11 +0000 2018,0.0,0.857,0.143,-0.3612
456,@FoxNews,Fox News,".@GillianHTurner: ""The Trump administration green-lighted a plan [Wednesday] that allows health insurers to offer c‚Ä¶ https://t.co/WHDEjXrCER",Wed Aug 01 22:33:30 +0000 2018,0.0,1.0,0.0,0.0
457,@FoxNews,Fox News,"Pet pig scares off would-be robbers at Indiana home, police say https://t.co/MlcUjnL3Vy",Wed Aug 01 22:35:41 +0000 2018,0.0,0.821,0.179,-0.34
458,@FoxNews,Fox News,Ohio State coach Urban Meyer put on leave amid abuse probe of fired assistant https://t.co/15uwFy4l62,Wed Aug 01 22:39:18 +0000 2018,0.0,0.571,0.429,-0.8402
459,@BBCWorld,BBC News (World),Officer wins suit over claim he was mocked for black ancestry https://t.co/Xh20oNQpfW,Wed Aug 01 22:40:25 +0000 2018,0.231,0.625,0.144,0.34
460,@CNN,CNN,White House press secretary Sarah Sanders falsely blamed journalists for thwarting US spying on Osama bin Laden jus‚Ä¶ https://t.co/P1neYHn73u,Wed Aug 01 22:41:08 +0000 2018,0.0,0.78,0.22,-0.5859
461,@nytimes,The New York Times,Evening Briefing: Here's what you need to know at the end of the day https://t.co/RSWRTKBwGD,Wed Aug 01 22:47:06 +0000 2018,0.0,1.0,0.0,0.0
462,@FoxNews,Fox News,".@jonathanvswan on firing Mueller: ""There's nothing stopping [@POTUS] from doing it except the fact that he knows f‚Ä¶ https://t.co/Na7oIFx0Ml",Wed Aug 01 22:48:12 +0000 2018,0.069,0.816,0.115,-0.2396
463,@nytimes,The New York Times,"RT @NYTSports: Urban Meyer claimed to not know about the accusations, but a report suggests his wife did https://t.co/SkFNLBDl0x",Wed Aug 01 22:50:48 +0000 2018,0.0,0.912,0.088,-0.1655
464,@CNN,CNN,"LAPD officers had gone 13 years without killing a hostage or bystander while confronting armed suspects.

In the la‚Ä¶ https://t.co/KORV8SMSGC",Wed Aug 01 22:51:04 +0000 2018,0.15,0.68,0.17,0.1321
465,@FoxNews,Fox News,".@jonathanvswan on trade tensions with China: ""[@POTUS is] making a big gamble. His gamble is that he can break Pre‚Ä¶ https://t.co/lAu6FXvmx9",Wed Aug 01 22:57:37 +0000 2018,0.0,0.876,0.124,-0.4019
466,@nytimes,The New York Times,Ohio State announced that Urban Meyer was being put on paid administrative leave while the university investigates‚Ä¶ https://t.co/BYv8qfSin8,Wed Aug 01 23:02:08 +0000 2018,0.0,0.934,0.066,-0.0516
467,@FoxNews,Fox News,"Mueller's office flags alleged illegal foreign lobbying involving Tony Podesta, Vin Weber, Greg Craig https://t.co/QTsYCSRjWg",Wed Aug 01 23:08:04 +0000 2018,0.0,0.726,0.274,-0.5994
468,@BBCWorld,BBC News (World),Russia shocked by mysterious murder of three journalists in CAR https://t.co/85gLbMFKk2,Wed Aug 01 23:08:37 +0000 2018,0.0,0.562,0.438,-0.7906
469,@BBCWorld,BBC News (World),The European populists monitoring 'sham' elections https://t.co/AKzn57XRiz,Wed Aug 01 23:11:21 +0000 2018,0.0,1.0,0.0,0.0
470,@FoxNews,Fox News,The @dodpaa hosts an honorable carry ceremony at @JointBasePHH. The flag-draped transfer cases being carried in the‚Ä¶ https://t.co/okdgKVIhRW,Wed Aug 01 23:11:21 +0000 2018,0.171,0.829,0.0,0.5423
471,@FoxNews,Fox News,Twitter CEO says he gets why conservatives are suspicious of Big Tech. https://t.co/x8yk4Ah7fB,Wed Aug 01 23:13:00 +0000 2018,0.0,0.828,0.172,-0.3612
472,@CNN,CNN,"Han Solo's jacket -- the one worn by Harrison Ford in the Star Wars Film ""The Empire Strikes Back"" -- could fetch o‚Ä¶ https://t.co/A6q9XwDKrK",Wed Aug 01 23:13:15 +0000 2018,0.0,0.717,0.283,-0.8074
473,@CNN,CNN,RT @CNNSitRoom: Rep. Stewart on the Paul Manafort trial: ‚ÄúI think it‚Äôs quite unusual for a person who‚Äôs accused of white collar crime to be‚Ä¶,Wed Aug 01 23:14:53 +0000 2018,0.0,0.794,0.206,-0.6908
474,@CNN,CNN,Among the attendees of President Trump's rally in Florida were people holding up signs promoting an online right-wi‚Ä¶ https://t.co/fSO4SkT6mK,Wed Aug 01 23:16:08 +0000 2018,0.122,0.878,0.0,0.3612
475,@nytimes,The New York Times,"RT @jakesilverstein: This weekend‚Äôs @NYTmag is devoted to one story, by @NathanielRich, about a crucial decade in the history of climate ch‚Ä¶",Wed Aug 01 23:17:03 +0000 2018,0.119,0.881,0.0,0.4019
476,@CNN,CNN,President Trump's attorney Rudy Giuliani says his team received a response from special counsel Robert Mueller on a‚Ä¶ https://t.co/fIO0HD5fiO,Wed Aug 01 23:19:10 +0000 2018,0.137,0.863,0.0,0.4019
477,@FoxNews,Fox News,.@VP makes remarks as @dodpaa hosts an honorable carry ceremony at @JointBasePHH. The flag-draped transfer cases be‚Ä¶ https://t.co/D84WrPAV2C,Wed Aug 01 23:20:15 +0000 2018,0.171,0.829,0.0,0.5423
478,@FoxNews,Fox News,"Democratic Socialist U.S. House candidate Sarah Smith: ""Single-payer systems save money."" #TheStory https://t.co/Zc1wZNOpF6",Wed Aug 01 23:25:57 +0000 2018,0.211,0.789,0.0,0.4939
479,@FoxNews,Fox News,".@VP Pence: ""Some have called the Korean War 'The Forgotten War,' but today we prove these heroes were never forgot‚Ä¶ https://t.co/EiAbdUPEpP",Wed Aug 01 23:26:50 +0000 2018,0.169,0.683,0.148,0.3716
480,@FoxNews,Fox News,".@VP Pence: ""Our work will not be complete until all our fallen heroes are accounted for and home."" https://t.co/UvCasaKfDy",Wed Aug 01 23:29:22 +0000 2018,0.145,0.746,0.11,0.2023
481,@nytimes,The New York Times,"‚ÄúGod, come to our aid‚Äù: Survivors of the Aeromexico flight that crashed tell their stories https://t.co/nks8AwsKxe",Wed Aug 01 23:32:04 +0000 2018,0.0,1.0,0.0,0.0
482,@FoxNews,Fox News,".@VP Pence: ""We will never stop striving until every hero lost in the Korean War is home."" https://t.co/Suudj3gA07",Wed Aug 01 23:38:19 +0000 2018,0.214,0.545,0.241,-0.1808
483,@FoxNews,Fox News,Flag-draped transfer cases are escorted off the plane during the honorable carry ceremony at @JointBasePHH. The tra‚Ä¶ https://t.co/jmrqmobs4B,Wed Aug 01 23:38:24 +0000 2018,0.171,0.829,0.0,0.5423
484,@CNN,CNN,"Kroger is launching ""Kroger Ship,"" a direct home delivery service, in four cities: Cincinnati, Houston, Louisville,‚Ä¶ https://t.co/CDDaqFkDY8",Wed Aug 01 23:43:35 +0000 2018,0.0,1.0,0.0,0.0
485,@CNN,CNN,Watch $5.5 million worth of luxury cars get smashed as Philippines President Rodrigo Duterte cracks down on smuggli‚Ä¶ https://t.co/Ed4FPtMfTJ,Wed Aug 01 23:45:05 +0000 2018,0.095,0.905,0.0,0.2263
486,@BBCWorld,BBC News (World),Toddler mauled by dog dies in Australia https://t.co/0bfD4QMvrO,Wed Aug 01 23:45:14 +0000 2018,0.0,1.0,0.0,0.0
487,@FoxNews,Fox News,Mueller prosecutors rebuked repeatedly by trial judge with a history of colorful rulings. https://t.co/1uoPzQVQBz,Wed Aug 01 23:46:49 +0000 2018,0.0,1.0,0.0,0.0
488,@nytimes,The New York Times,Democratic congressional candidates around the U.S. are putting a health care message at the center of their campai‚Ä¶ https://t.co/6frr9DPzui,Wed Aug 01 23:47:03 +0000 2018,0.158,0.842,0.0,0.4939
489,@FoxNews,Fox News,.@VP Pence's guests at the ceremony receiving the remains of Korean War servicemen lost their fathers in the war. https://t.co/eddRpz1toR,Wed Aug 01 23:53:35 +0000 2018,0.0,0.627,0.373,-0.8779
490,@CNN,CNN,"Health alert issued for salads and wraps from Kroger, Trader Joe's and Walgreens due to concerns about possible par‚Ä¶ https://t.co/WIFmR2urHj",Wed Aug 01 23:58:41 +0000 2018,0.104,0.896,0.0,0.296
491,@FoxNews,Fox News,Arkansas man says he planned attack on cop who was accompanied by family. https://t.co/ODuxehBCeO,Wed Aug 01 23:59:00 +0000 2018,0.0,0.807,0.193,-0.4767
492,@CBS,CBS,"RT @MagnumPICBS: Talk about hands-on research! #MagnumPI's cast had the honor of joining the US Navy Submarine Force, US Pacific Fleet #Sub‚Ä¶",Wed Jul 11 19:09:34 +0000 2018,0.143,0.857,0.0,0.5411
493,@CBS,CBS,"It‚Äôs fun, different, unique, and finally here! @TKOCBS hosted by @KevinHart4real premieres at 9/8c on CBS and‚Ä¶ https://t.co/MCeVLVK85i",Wed Jul 11 21:44:45 +0000 2018,0.174,0.826,0.0,0.5562
494,@CBS,CBS,Who's excited for the return of @MurphyBrownCBS? Here's a behind-the-scenes look at the first table read of the sea‚Ä¶ https://t.co/1B5S4WJnCW,Wed Jul 25 01:05:03 +0000 2018,0.118,0.882,0.0,0.34
495,@CBS,CBS,"Renowned artists Cher, Philip Glass, Reba McEntire, Wayne Shorter, and the co-creators of #Hamilton will be recogni‚Ä¶ https://t.co/PEjjI9MKE1",Wed Jul 25 15:12:31 +0000 2018,0.0,1.0,0.0,0.0
496,@CBS,CBS,"This is one allowance that can‚Äôt be beat! Kids are winning big this week on @PriceIsRight. üéâ
 https://t.co/lncKu9XvNo",Wed Jul 25 17:25:36 +0000 2018,0.273,0.727,0.0,0.75
497,@CBS,CBS,There‚Äôs nothing quite like watching a contestant win a brand new car on @PriceIsRight. üëè  https://t.co/aKlFikYAMM,Wed Jun 20 00:39:01 +0000 2018,0.199,0.68,0.122,0.3555
498,@CBS,CBS,"It looks like you...

(‚Ä¢_‚Ä¢)
( ‚Ä¢_‚Ä¢)&gt;‚åê‚ñ†-‚ñ†
(‚åê‚ñ†_‚ñ†)

Have a lot of TV to watch!

Celebrate #NationalSunglassesDay with H‚Ä¶ https://t.co/Babt4ajIgV",Wed Jun 27 14:00:01 +0000 2018,0.289,0.711,0.0,0.7574
499,@CBS,CBS,What‚Äôs summer without @CBSBigBrother? ‚òÄÔ∏è RT if you‚Äôre counting down the hours to the #BB20 premiere TONIGHT at 8/7c‚Ä¶ https://t.co/Xp1s4Fp5J8,Wed Jun 27 20:31:32 +0000 2018,0.0,1.0,0.0,0.0
